Season;Competition;Matchday;Date;Venue;Club;Opponent;Result;Playing_Position;Minute;At_score;Type;Goal_assist
04-mai;LaLiga;34;05/01/2005;H;FC Barcelona;Albacete Balompie;02:00;CF;90+1;02:00;Left-footed shot;Ronaldinho Gaacho
05-juin;UEFA Champions League;Group Stage;11/02/2005;H;FC Barcelona;Panathinaikos Athens;05:00;RW;34;03:00;Left-footed shot;
05-juin;LaLiga;13;11/27/05;H;FC Barcelona;Racing Santander;04:01;RW;51;02:00;Left-footed shot;Samuel Etoo
05-juin;LaLiga;19;1/15/06;H;FC Barcelona;Athletic Bilbao;02:01;RW;50;02:01;Left-footed shot;Mark van Bommel
05-juin;LaLiga;20;1/22/06;H;FC Barcelona;Deportivo Alaves;02:00;CF;82;02:00;Left-footed shot;Ronaldinho Gaacho
05-juin;LaLiga;21;1/29/06;A;FC Barcelona;RCD Mallorca;00:03;CF;75;00:02;Right-footed shot;Sylvinho
05-juin;LaLiga;21;1/29/06;A;FC Barcelona;RCD Mallorca;00:03;CF;83;00:03;Left-footed shot;Ronaldinho Gaacho
05-juin;Copa del Rey;Quarter-Finals;02/01/2006;H;FC Barcelona;Real Zaragoza;02:01;CF;42;01:00;Header;Ludovic Giuly
05-juin;LaLiga;24;2/18/06;H;FC Barcelona;Real Betis Balompie;05:01;RW;84;05:01;Left-footed shot;
06-juil;LaLiga;1;8/28/06;A;FC Barcelona;Celta de Vigo;02:03;LW;59;01:02;Left-footed shot;Andres Iniesta
06-juil;LaLiga;2;09/09/2006;H;FC Barcelona;CA Osasuna;03:00;RW;36;03:00;Left-footed shot;Samuel Etoo
06-juil;UEFA Champions League;Group Stage;9/27/06;A;FC Barcelona;SV Werder Bremen;01:01;RW;89;01:01;Left-footed shot;Deco
06-juil;LaLiga;6;10/15/06;H;FC Barcelona;Sevilla FC;03:01;RW;80;03:01;Right-footed shot;Xavi
06-juil;LaLiga;26;03/10/2007;H;FC Barcelona;Real Madrid;03:03;RW;11;01:01;Left-footed shot;Samuel Etoo
06-juil;LaLiga;26;03/10/2007;H;FC Barcelona;Real Madrid;03:03;RW;28;02:02;Left-footed shot;
06-juil;LaLiga;26;03/10/2007;H;FC Barcelona;Real Madrid;03:03;RW;90+1;03:03;Left-footed shot;Ronaldinho Gaacho
06-juil;LaLiga;27;3/17/07;A;FC Barcelona;Recreativo Huelva;00:04;RW;86;00:04;Left-footed shot;
06-juil;LaLiga;28;3/31/07;H;FC Barcelona;Deportivo de La Coruaa;02:01;RW;45;01:00;Left-footed shot;Ronaldinho Gaacho
06-juil;Copa del Rey;Semi-Finals;4/18/07;H;FC Barcelona;Getafe CF;05:02;RW;29;02:00;Solo run;Xavi
06-juil;Copa del Rey;Semi-Finals;4/18/07;H;FC Barcelona;Getafe CF;05:02;RW;45;03:00;Left-footed shot;Deco
06-juil;LaLiga;35;5/20/07;A;FC Barcelona;Atletico de Madrid;00:06;RW;39;00:01;Left-footed shot;Samuel Etoo
06-juil;LaLiga;35;5/20/07;A;FC Barcelona;Atletico de Madrid;00:06;RW;80;00:05;Left-footed shot;Giovanni van Bronckhorst
06-juil;LaLiga;37;06/09/2007;H;FC Barcelona;RCD Espanyol Barcelona;02:02;RW;43;01:01;;Gianluca Zambrotta
06-juil;LaLiga;37;06/09/2007;H;FC Barcelona;RCD Espanyol Barcelona;02:02;RW;57;02:01;Right-footed shot;Deco
06-juil;LaLiga;38;6/17/07;A;FC Barcelona;Gimnastic de Tarragona;01:05;RW;34;00:02;Left-footed shot;Deco
06-juil;LaLiga;38;6/17/07;A;FC Barcelona;Gimnastic de Tarragona;01:05;RW;51;00:04;Left-footed shot;Deco
07-août;UEFA Champions League;Group Stage;9/19/07;H;FC Barcelona;Olympique Lyon;03:00;RW;82;02:00;Left-footed shot;Andres Iniesta
07-août;LaLiga;4;9/22/07;H;FC Barcelona;Sevilla FC;02:01;RW;72;01:00;Left-footed shot;Thierry Henry
07-août;LaLiga;4;9/22/07;H;FC Barcelona;Sevilla FC;02:01;RW;79;02:00;Penalty;
07-août;LaLiga;5;9/26/07;H;FC Barcelona;Real Zaragoza;04:01;RW;5;01:00;Left-footed shot;Thierry Henry
07-août;LaLiga;5;9/26/07;H;FC Barcelona;Real Zaragoza;04:01;RW;10;02:01;Left-footed shot;Deco
07-août;LaLiga;6;9/29/07;A;FC Barcelona;Levante UD;01:04;RW;50;00:04;Left-footed shot;Deco
07-août;UEFA Champions League;Group Stage;10/02/2007;A;FC Barcelona;VfB Stuttgart;00:02;RW;66;00:02;Deflected shot on goal;Thierry Henry
07-août;LaLiga;7;10/07/2007;H;FC Barcelona;Atletico de Madrid;03:00;RW;19;02:00;Left-footed shot;Ronaldinho Gaacho
07-août;LaLiga;9;10/28/07;H;FC Barcelona;UD Almera;02:00;RW;80;02:00;Penalty;
07-août;UEFA Champions League;Group Stage;11/07/2007;H;FC Barcelona;Rangers FC;02:00;RW;41;02:00;Left-footed shot;Ronaldinho Gaacho
07-août;LaLiga;13;11/24/07;H;FC Barcelona;Recreativo Huelva;03:00;RW;81;03:00;Penalty;
07-août;UEFA Champions League;Group Stage;11/27/07;A;FC Barcelona;Olympique Lyon;02:02;RW;58;01:02;Penalty;
07-août;UEFA Champions League;last 16;2/20/08;A;FC Barcelona;Celtic FC;02:03;RW;18;01:01;Left-footed shot;Deco
07-août;UEFA Champions League;last 16;2/20/08;A;FC Barcelona;Celtic FC;02:03;RW;79;02:03;Left-footed shot;
07-août;LaLiga;25;2/24/08;H;FC Barcelona;Levante UD;05:01;RW;44;02:01;Left-footed shot;Xavi
07-août;LaLiga;35;05/04/2008;H;FC Barcelona;Valencia CF;06:00;RW;5;01:00;Penalty;
08-sept;LaLiga;2;9/13/08;H;FC Barcelona;Racing Santander;01:01;RW;70;01:00;Penalty;
08-sept;LaLiga;3;9/21/08;A;FC Barcelona;Sporting GijÃƒÂ³n;01:06;RW;85;01:05;Left-footed shot;Andres Iniesta
08-sept;LaLiga;3;9/21/08;A;FC Barcelona;Sporting GijÃƒÂ³n;01:06;RW;89;01:06;Header;Xavi
08-sept;LaLiga;5;9/27/08;A;FC Barcelona;RCD Espanyol Barcelona;01:02;RW;90;01:02;Penalty;
08-sept;UEFA Champions League;Group Stage;10/01/2008;A;FC Barcelona;Shakhtar Donetsk;01:02;RW;87;01:01;Right-footed shot;Bojan Krkic
08-sept;UEFA Champions League;Group Stage;10/01/2008;A;FC Barcelona;Shakhtar Donetsk;01:02;RW;90+2;01:02;Left-footed shot;Xavi
08-sept;LaLiga;6;10/04/2008;H;FC Barcelona;Atletico de Madrid;06:01;RW;8;03:00;Direct free kick;
08-sept;UEFA Champions League;Group Stage;10/22/08;A;FC Barcelona;FC Basel 1893;00:05;CF;4;00:01;Left-footed shot;Dani Alves
08-sept;LaLiga;9;11/01/2008;A;FC Barcelona;Malaga CF;01:04;RW;19;01:02;Left-footed shot;
08-sept;UEFA Champions League;Group Stage;11/04/2008;H;FC Barcelona;FC Basel 1893;01:01;RW;61;01:00;Left-footed shot;Thierry Henry
08-sept;Copa del Rey;Fifth Round;11/12/2008;H;FC Barcelona;Benidorm CD;01:00;RW;86;01:00;Penalty rebound;
08-sept;LaLiga;11;11/16/08;A;FC Barcelona;Recreativo Huelva;00:02;RW;51;00:01;Left-footed shot;Xavi
08-sept;UEFA Champions League;Group Stage;11/26/08;A;FC Barcelona;Sporting CP;02:05;RW;49;00:03;Left-footed shot;Dani Alves
08-sept;LaLiga;13;11/29/08;A;FC Barcelona;Sevilla FC;00:03;RW;78;00:02;Left-footed shot;Xavi
08-sept;LaLiga;13;11/29/08;A;FC Barcelona;Sevilla FC;00:03;RW;90+2;00:03;Left-footed shot;Aleksandr Hleb
08-sept;LaLiga;15;12/13/08;H;FC Barcelona;Real Madrid;02:00;RW;89;02:00;Counter attack goal;Thierry Henry
08-sept;Copa del Rey;Round of 16;01/06/2009;A;FC Barcelona;Atletico de Madrid;01:03;RW;11;00:01;Left-footed shot;Dani Alves
08-sept;Copa del Rey;Round of 16;01/06/2009;A;FC Barcelona;Atletico de Madrid;01:03;RW;57;00:02;Penalty;
08-sept;Copa del Rey;Round of 16;01/06/2009;A;FC Barcelona;Atletico de Madrid;01:03;RW;79;01:03;Right-footed shot;Andres Iniesta
08-sept;LaLiga;18;01/11/2009;A;FC Barcelona;CA Osasuna;02:03;RW;84;02:03;Left-footed shot;Dani Alves
08-sept;LaLiga;19;1/17/09;H;FC Barcelona;Deportivo de La Coruaa;05:00;RW;21;01:00;Left-footed shot;
08-sept;LaLiga;20;1/24/09;H;FC Barcelona;CD Numancia;04:01;RW;49;01:00;Left-footed shot;Dani Alves
08-sept;LaLiga;20;1/24/09;H;FC Barcelona;CD Numancia;04:01;RW;76;04:01;Right-footed shot;
08-sept;LaLiga;21;02/01/2009;A;FC Barcelona;Racing Santander;01:02;RW;65;01:01;Right-footed shot;Xavi
08-sept;LaLiga;21;02/01/2009;A;FC Barcelona;Racing Santander;01:02;RW;81;01:02;Right-footed shot;
08-sept;LaLiga;25;03/01/2009;A;FC Barcelona;Atletico de Madrid;04:03;RW;30;00:02;Left-footed shot;
08-sept;Copa del Rey;Semi-Finals;03/04/2009;A;FC Barcelona;RCD Mallorca;01:01;RW;81;01:01;Left-footed shot;Gerard Pique
08-sept;LaLiga;26;03/07/2009;H;FC Barcelona;Athletic Bilbao;02:00;RW;31;02:00;Penalty;
08-sept;UEFA Champions League;last 16;03/11/2009;H;FC Barcelona;Olympique Lyon;05:02;RW;40;03:00;Left-footed shot;Samuel Etoo
08-sept;LaLiga;28;3/22/09;H;FC Barcelona;Malaga CF;06:00;RW;26;02:00;Right-footed shot;Xavi
08-sept;UEFA Champions League;Quarter-Finals;04/08/2009;H;FC Barcelona;Bayern Munich;04:00;RW;9;01:00;Left-footed shot;Samuel Etoo
08-sept;UEFA Champions League;Quarter-Finals;04/08/2009;H;FC Barcelona;Bayern Munich;04:00;RW;38;03:00;Right-footed shot;Thierry Henry
08-sept;LaLiga;31;4/18/09;A;FC Barcelona;Getafe CF;00:01;RW;18;00:01;Left-footed shot;Xavi
08-sept;LaLiga;33;4/25/09;A;FC Barcelona;Valencia CF;02:02;RW;23;00:01;Left-footed shot;Andres Iniesta
08-sept;LaLiga;34;05/02/2009;A;FC Barcelona;Real Madrid;02:06;CF;35;01:03;Left-footed shot;Xavi
08-sept;LaLiga;34;05/02/2009;A;FC Barcelona;Real Madrid;02:06;CF;75;02:05;Left-footed shot;Xavi
08-sept;Copa del Rey;Final;5/13/09;H;FC Barcelona;Athletic Bilbao;04:01;RW;55;02:01;Left-footed shot;Samuel Etoo
08-sept;UEFA Champions League;Final;5/27/09;H;FC Barcelona;Manchester United;02:00;CF;70;02:00;Header;Xavi
09-oct;Supercopa;final;8/23/09;H;FC Barcelona;Athletic Bilbao;03:00;RW;50;01:00;Right-footed shot;Zlatan Ibrahimovic
09-oct;Supercopa;final;8/23/09;H;FC Barcelona;Athletic Bilbao;03:00;RW;68;02:00;Penalty;
09-oct;LaLiga;2;09/12/2009;A;FC Barcelona;Getafe CF;00:02;RW;78;00:02;Header;Zlatan Ibrahimovic
09-oct;LaLiga;3;9/19/09;H;FC Barcelona;Atletico de Madrid;05:02;RW;15;02:00;Left-footed shot;Xavi
09-oct;LaLiga;3;9/19/09;H;FC Barcelona;Atletico de Madrid;05:02;RW;90+3;05:02;Right-footed shot;Dani Alves
09-oct;LaLiga;4;9/22/09;A;FC Barcelona;Racing Santander;01:04;RW;23;00:02;Left-footed shot;Xavi
09-oct;LaLiga;4;9/22/09;A;FC Barcelona;Racing Santander;01:04;RW;63;00:04;Left-footed shot;Xavi
09-oct;UEFA Champions League;Group Stage;9/29/09;H;FC Barcelona;Dynamo Kyiv;02:00;RW;25;01:00;Left-footed shot;Andres Iniesta
09-oct;LaLiga;8;10/25/09;H;FC Barcelona;Real Zaragoza;06:01;RW;80;05:01;Left-footed shot;Andres Iniesta
09-oct;LaLiga;10;11/07/2009;H;FC Barcelona;RCD Mallorca;04:02;RW;86;04:01;Penalty;
09-oct;Copa del Rey;5th round;11/10/2009;H;FC Barcelona;Cultural Leonesa;05:00;RW;64;04:00;Left-footed shot;Pedro
09-oct;LaLiga;13;12/05/2009;A;FC Barcelona;Deportivo de La Coruaa;01:03;RW;26;00:01;Left-footed shot;Dani Alves
09-oct;LaLiga;13;12/05/2009;A;FC Barcelona;Deportivo de La Coruaa;01:03;RW;80;01:02;Header;Pedro
09-oct;UEFA Champions League;Group Stage;12/09/2009;A;FC Barcelona;Dynamo Kyiv;01:02;RW;86;01:02;Direct free kick;
09-oct;FIFA Club World Cup;Semi-Finals;12/16/09;A;FC Barcelona;CF Atlante;01:03;RW;55;01:02;Left-footed shot;Zlatan Ibrahimovic
09-oct;FIFA Club World Cup;Final;12/19/09;A;FC Barcelona;Club Estudiantes de La Plata;1:2 AET;RW;110;01:02;Chest;Dani Alves
09-oct;LaLiga;17;01/10/2010;A;FC Barcelona;CD Tenerife;00:05;RW;36;00:01;Left-footed shot;Bojan Krkic
09-oct;LaLiga;17;01/10/2010;A;FC Barcelona;CD Tenerife;00:05;RW;45;00:03;Right-footed shot;Bojan Krkic
09-oct;LaLiga;17;01/10/2010;A;FC Barcelona;CD Tenerife;00:05;RW;75;00:04;Left-footed shot;Bojan Krkic
09-oct;LaLiga;18;1/16/10;H;FC Barcelona;Sevilla FC;04:00;RW;85;03:00;Left-footed shot;Dani Alves
09-oct;LaLiga;18;1/16/10;H;FC Barcelona;Sevilla FC;04:00;RW;90+1;04:00;Left-footed shot;Ãƒâ€°ric Abidal
09-oct;LaLiga;19;1/23/10;A;FC Barcelona;Real Valladolid CF;00:03;RW;54;00:03;Left-footed shot;Zlatan Ibrahimovic
09-oct;LaLiga;21;02/06/2010;H;FC Barcelona;Getafe CF;02:01;RW;7;01:00;Left-footed shot;Yaya Toure
09-oct;LaLiga;24;2/27/10;H;FC Barcelona;Malaga CF;02:01;RW;84;02:01;Right-footed shot;Dani Alves
09-oct;LaLiga;25;03/06/2010;A;FC Barcelona;UD Almera;02:02;RW;42;01:01;Direct free kick;
09-oct;LaLiga;25;03/06/2010;A;FC Barcelona;UD Almera;02:02;RW;66;02:02;Left-footed shot;
09-oct;LaLiga;26;3/14/10;H;FC Barcelona;Valencia CF;03:00;CF;56;01:00;Left-footed shot;Xavi
09-oct;LaLiga;26;3/14/10;H;FC Barcelona;Valencia CF;03:00;CF;80;02:00;Left-footed shot;Thierry Henry
09-oct;LaLiga;26;3/14/10;H;FC Barcelona;Valencia CF;03:00;CF;82;03:00;Right-footed shot;Thierry Henry
09-oct;UEFA Champions League;last 16;3/17/10;H;FC Barcelona;VfB Stuttgart;04:00;CF;13;01:00;Left-footed shot;Yaya Toure
09-oct;UEFA Champions League;last 16;3/17/10;H;FC Barcelona;VfB Stuttgart;04:00;CF;56;03:00;Left-footed shot;Dani Alves
09-oct;LaLiga;27;3/21/10;A;FC Barcelona;Real Zaragoza;02:04;RW;4;00:01;Header;Pedro
09-oct;LaLiga;27;3/21/10;A;FC Barcelona;Real Zaragoza;02:04;RW;65;00:02;Left-footed shot;
09-oct;LaLiga;27;3/21/10;A;FC Barcelona;Real Zaragoza;02:04;RW;78;00:03;Left-footed shot;Andres Iniesta
09-oct;LaLiga;30;04/03/2010;H;FC Barcelona;Athletic Bilbao;04:01;CF;67;04:00;Left-footed shot;Pedro
09-oct;UEFA Champions League;Quarter-Finals;04/06/2010;H;FC Barcelona;Arsenal FC;04:01;CF;21;01:01;Left-footed shot;
09-oct;UEFA Champions League;Quarter-Finals;04/06/2010;H;FC Barcelona;Arsenal FC;04:01;CF;37;02:01;Right-footed shot;Pedro
09-oct;UEFA Champions League;Quarter-Finals;04/06/2010;H;FC Barcelona;Arsenal FC;04:01;CF;42;03:01;Left-footed shot;Seydou Keita
09-oct;UEFA Champions League;Quarter-Finals;04/06/2010;H;FC Barcelona;Arsenal FC;04:01;CF;88;04:01;Left-footed shot;Xavi
09-oct;LaLiga;31;04/10/2010;A;FC Barcelona;Real Madrid;00:02;CF;32;00:01;Right-footed shot;Xavi
09-oct;LaLiga;35;05/01/2010;A;FC Barcelona;Villarreal CF;01:04;RW;18;00:01;Left-footed shot;Xavi
09-oct;LaLiga;35;05/01/2010;A;FC Barcelona;Villarreal CF;01:04;RW;87;01:04;Left-footed shot;Dani Alves
09-oct;LaLiga;36;05/04/2010;H;FC Barcelona;CD Tenerife;04:01;RW;16;01:00;Right-footed shot;Zlatan Ibrahimovic
09-oct;LaLiga;36;05/04/2010;H;FC Barcelona;CD Tenerife;04:01;RW;90+3;04:01;Right-footed shot;Dani Alves
09-oct;LaLiga;37;05/08/2010;A;FC Barcelona;Sevilla FC;02:03;RW;5;00:01;Left-footed shot;Maxwell
09-oct;LaLiga;38;5/16/10;H;FC Barcelona;Real Valladolid CF;04:00;RW;61;03:00;Right-footed shot;Yaya Toure
09-oct;LaLiga;38;5/16/10;H;FC Barcelona;Real Valladolid CF;04:00;RW;74;04:00;Left-footed shot;Yaya Toure
10-nov;Supercopa;final;8/21/10;H;FC Barcelona;Sevilla FC;04:00;RW;25;02:00;Left-footed shot;Xavi
10-nov;Supercopa;final;8/21/10;H;FC Barcelona;Sevilla FC;04:00;RW;43;03:00;Right-footed shot;Dani Alves
10-nov;Supercopa;final;8/21/10;H;FC Barcelona;Sevilla FC;04:00;RW;90+1;04:00;Left-footed shot;Andres Iniesta
10-nov;LaLiga;1;8/29/10;A;FC Barcelona;Racing Santander;00:03;RW;3;00:01;Left-footed shot;Andres Iniesta
10-nov;UEFA Champions League;Group Stage;9/14/10;H;FC Barcelona;Panathinaikos Athens;05:01;CF;22;01:01;Left-footed shot;Xavi
10-nov;UEFA Champions League;Group Stage;9/14/10;H;FC Barcelona;Panathinaikos Athens;05:01;CF;45;03:01;Left-footed shot;Pedro
10-nov;LaLiga;3;9/19/10;A;FC Barcelona;Atletico de Madrid;01:02;CF;12;00:01;Left-footed shot;Pedro
10-nov;LaLiga;6;10/03/2010;H;FC Barcelona;RCD Mallorca;01:01;CF;20;01:00;Left-footed shot;Pedro
10-nov;UEFA Champions League;Group Stage;10/20/10;H;FC Barcelona;FC Copenhagen;02:00;CF;18;01:00;Left-footed shot;Andres Iniesta
10-nov;UEFA Champions League;Group Stage;10/20/10;H;FC Barcelona;FC Copenhagen;02:00;CF;90+1;02:00;Left-footed shot;Ãƒâ€°ric Abidal
10-nov;LaLiga;8;10/23/10;A;FC Barcelona;Real Zaragoza;00:02;CF;41;00:01;Left-footed shot;David Villa
10-nov;LaLiga;8;10/23/10;A;FC Barcelona;Real Zaragoza;00:02;CF;65;00:02;Left-footed shot;
10-nov;LaLiga;9;10/30/10;H;FC Barcelona;Sevilla FC;05:00;RW;4;01:00;Left-footed shot;
10-nov;LaLiga;9;10/30/10;H;FC Barcelona;Sevilla FC;05:00;RW;63;04:00;Left-footed shot;
10-nov;UEFA Champions League;Group Stage;11/02/2010;A;FC Barcelona;FC Copenhagen;01:01;CF;31;00:01;Right-footed shot;
10-nov;LaLiga;10;11/07/2010;A;FC Barcelona;Getafe CF;01:03;CF;23;00:01;Left-footed shot;David Villa
10-nov;Copa del Rey;4th round;11/10/2010;H;FC Barcelona;Club Atletico de Ceuta;05:01;RW;67;05:01;Left-footed shot;Thiago
10-nov;LaLiga;11;11/13/10;H;FC Barcelona;Villarreal CF;03:01;CF;58;02:01;Right-footed shot;Pedro
10-nov;LaLiga;11;11/13/10;H;FC Barcelona;Villarreal CF;03:01;CF;83;03:01;Left-footed shot;Pedro
10-nov;LaLiga;12;11/20/10;A;FC Barcelona;UD Almera;00:08;CF;16;00:01;Left-footed shot;David Villa
10-nov;LaLiga;12;11/20/10;A;FC Barcelona;UD Almera;00:08;CF;36;00:05;Tap-in;
10-nov;LaLiga;12;11/20/10;A;FC Barcelona;UD Almera;00:08;CF;67;00:07;Tap-in;David Villa
10-nov;UEFA Champions League;Group Stage;11/24/10;A;FC Barcelona;Panathinaikos Athens;00:03;CF;63;00:02;Left-footed shot;Adriano
10-nov;LaLiga;14;12/04/2010;A;FC Barcelona;CA Osasuna;00:03;CF;64;00:02;Left-footed shot;David Villa
10-nov;LaLiga;14;12/04/2010;A;FC Barcelona;CA Osasuna;00:03;CF;82;00:03;Penalty;
10-nov;LaLiga;15;12/12/2010;H;FC Barcelona;Real Sociedad;05:00;CF;46;03:00;Left-footed shot;Dani Alves
10-nov;LaLiga;15;12/12/2010;H;FC Barcelona;Real Sociedad;05:00;CF;86;04:00;Left-footed shot;Bojan Krkic
10-nov;LaLiga;18;01/08/2011;A;FC Barcelona;Deportivo de La Coruaa;00:04;CF;51;00:02;Direct free kick;
10-nov;Copa del Rey;Quarter-Finals;01/12/2011;H;FC Barcelona;Real Betis Balompie;05:00;CF;44;01:00;Left-footed shot;Andres Iniesta
10-nov;Copa del Rey;Quarter-Finals;01/12/2011;H;FC Barcelona;Real Betis Balompie;05:00;CF;63;02:00;Left-footed shot;
10-nov;Copa del Rey;Quarter-Finals;01/12/2011;H;FC Barcelona;Real Betis Balompie;05:00;CF;73;03:00;Left-footed shot;Xavi
10-nov;Copa del Rey;Quarter-Finals;1/19/11;A;FC Barcelona;Real Betis Balompie;03:01;RW;37;02:01;Left-footed shot;Xavi
10-nov;LaLiga;20;1/22/11;H;FC Barcelona;Racing Santander;03:00;CF;33;02:00;Penalty;
10-nov;Copa del Rey;Semi-Finals;1/26/11;H;FC Barcelona;UD Almera;05:00;CF;9;01:00;Left-footed shot;Pedro
10-nov;Copa del Rey;Semi-Finals;1/26/11;H;FC Barcelona;UD Almera;05:00;CF;15;03:00;Left-footed shot;Andres Iniesta
10-nov;LaLiga;21;1/29/11;A;FC Barcelona;Hercules CF;00:03;CF;87;00:02;Left-footed shot;Dani Alves
10-nov;LaLiga;21;1/29/11;A;FC Barcelona;Hercules CF;00:03;CF;89;00:03;Left-footed shot;Dani Alves
10-nov;LaLiga;22;02/05/2011;H;FC Barcelona;Atletico de Madrid;03:00;CF;16;01:00;Left-footed shot;Dani Alves
10-nov;LaLiga;22;02/05/2011;H;FC Barcelona;Atletico de Madrid;03:00;CF;28;02:00;Left-footed shot;Pedro
10-nov;LaLiga;22;02/05/2011;H;FC Barcelona;Atletico de Madrid;03:00;CF;78;03:00;Left-footed shot;David Villa
10-nov;LaLiga;24;2/20/11;H;FC Barcelona;Athletic Bilbao;02:01;CF;78;02:01;Right-footed shot;Dani Alves
10-nov;LaLiga;25;2/26/11;A;FC Barcelona;RCD Mallorca;00:03;CF;38;00:01;Header;Seydou Keita
10-nov;LaLiga;26;03/02/2011;A;FC Barcelona;Valencia CF;00:01;CF;77;00:01;Left-footed shot;Adriano
10-nov;UEFA Champions League;last 16;03/08/2011;H;FC Barcelona;Arsenal FC;03:01;RW;49;01:00;Left-footed shot;Andres Iniesta
10-nov;UEFA Champions League;last 16;03/08/2011;H;FC Barcelona;Arsenal FC;03:01;RW;72;03:01;Penalty;
10-nov;LaLiga;31;04/09/2011;H;FC Barcelona;UD Almera;03:01;CF;52;01:01;Penalty;
10-nov;LaLiga;31;04/09/2011;H;FC Barcelona;UD Almera;03:01;CF;90+1;03:01;Left-footed shot;Seydou Keita
10-nov;UEFA Champions League;Quarter-Finals;04/12/2011;A;FC Barcelona;Shakhtar Donetsk;00:01;CF;42;00:01;Left-footed shot;Dani Alves
10-nov;LaLiga;32;4/16/11;A;FC Barcelona;Real Madrid;01:01;CF;53;00:01;Penalty;
10-nov;LaLiga;33;4/23/11;H;FC Barcelona;CA Osasuna;02:00;CF;87;02:00;Right-footed shot;Dani Alves
10-nov;UEFA Champions League;Semi-Finals;4/27/11;A;FC Barcelona;Real Madrid;00:02;CF;76;00:01;Left-footed shot;Ibrahim Afellay
10-nov;UEFA Champions League;Semi-Finals;4/27/11;A;FC Barcelona;Real Madrid;00:02;CF;87;00:02;Solo run;Sergio Busquets
10-nov;UEFA Champions League;Final;5/28/11;H;FC Barcelona;Manchester United;03:01;CF;54;02:01;Left-footed shot;Andres Iniesta
11-Dec;Supercopa;final;8/14/11;A;FC Barcelona;Real Madrid;02:02;CF;45;01:02;Left-footed shot;Thiago
11-Dec;Supercopa;final;8/17/11;H;FC Barcelona;Real Madrid;03:02;CF;44;02:01;Right-footed shot;Gerard Pique
11-Dec;Supercopa;final;8/17/11;H;FC Barcelona;Real Madrid;03:02;CF;88;03:02;Left-footed shot;Adriano
11-Dec;UEFA Super Cup;Final;8/26/11;H;FC Barcelona;FC Porto;02:00;CF;39;01:00;Left-footed shot;
11-Dec;LaLiga;2;8/29/11;H;FC Barcelona;Villarreal CF;05:00;CF;51;04:00;Right-footed shot;Andres Iniesta
11-Dec;LaLiga;2;8/29/11;H;FC Barcelona;Villarreal CF;05:00;CF;74;05:00;Left-footed shot;Thiago
11-Dec;LaLiga;4;9/17/11;H;FC Barcelona;CA Osasuna;08:00;CF;5;01:00;Left-footed shot;Dani Alves
11-Dec;LaLiga;4;9/17/11;H;FC Barcelona;CA Osasuna;08:00;CF;41;05:00;Left-footed shot;Cesc Fabregas
11-Dec;LaLiga;4;9/17/11;H;FC Barcelona;CA Osasuna;08:00;CF;79;08:00;Left-footed shot;Cesc Fabregas
11-Dec;LaLiga;6;9/24/11;H;FC Barcelona;Atletico de Madrid;05:00;CF;26;03:00;Left-footed shot;Pedro
11-Dec;LaLiga;6;9/24/11;H;FC Barcelona;Atletico de Madrid;05:00;CF;78;04:00;Left-footed shot;Dani Alves
11-Dec;LaLiga;6;9/24/11;H;FC Barcelona;Atletico de Madrid;05:00;CF;90+1;05:00;Left-footed shot;David Villa
11-Dec;UEFA Champions League;Group Stage;9/28/11;A;FC Barcelona;BATE Borisov;00:05;CF;38;00:03;Header;
11-Dec;UEFA Champions League;Group Stage;9/28/11;A;FC Barcelona;BATE Borisov;00:05;CF;56;00:04;Left-footed shot;Dani Alves
11-Dec;LaLiga;8;10/15/11;H;FC Barcelona;Racing Santander;03:00;CF;11;01:00;Right-footed shot;Andres Iniesta
11-Dec;LaLiga;8;10/15/11;H;FC Barcelona;Racing Santander;03:00;CF;69;03:00;Right-footed shot;
11-Dec;LaLiga;11;10/29/11;H;FC Barcelona;RCD Mallorca;05:00;CF;13;01:00;Penalty;
11-Dec;LaLiga;11;10/29/11;H;FC Barcelona;RCD Mallorca;05:00;CF;21;02:00;Right-footed shot;Adriano
11-Dec;LaLiga;11;10/29/11;H;FC Barcelona;RCD Mallorca;05:00;CF;30;03:00;Left-footed shot;Dani Alves
11-Dec;UEFA Champions League;Group Stage;11/01/2011;A;FC Barcelona;FC Viktoria Plzen;00:04;CF;24;00:01;Penalty;
11-Dec;UEFA Champions League;Group Stage;11/01/2011;A;FC Barcelona;FC Viktoria Plzen;00:04;CF;45+2;00:02;Left-footed shot;Adriano
11-Dec;UEFA Champions League;Group Stage;11/01/2011;A;FC Barcelona;FC Viktoria Plzen;00:04;CF;90+2;00:04;Left-footed shot;Gerard Pique
11-Dec;LaLiga;12;11/06/2011;A;FC Barcelona;Athletic Bilbao;02:02;CF;90;02:02;Left-footed shot;
11-Dec;LaLiga;13;11/19/11;H;FC Barcelona;Real Zaragoza;04:00;CF;43;02:00;Right-footed shot;Cesc Fabregas
11-Dec;UEFA Champions League;Group Stage;11/23/11;A;FC Barcelona;AC Milan;02:03;SS;31;01:02;Penalty;
11-Dec;LaLiga;17;11/29/11;H;FC Barcelona;Rayo Vallecano;04:00;CF;49;04:00;Left-footed shot;Dani Alves
11-Dec;LaLiga;15;12/03/2011;H;FC Barcelona;Levante UD;05:00;CF;55;04:00;Left-footed shot;Dani Alves
11-Dec;FIFA Club World Cup;Final;12/18/11;A;FC Barcelona;Santos FC;00:04;RW;17;00:01;Left-footed shot;Xavi
11-Dec;FIFA Club World Cup;Final;12/18/11;A;FC Barcelona;Santos FC;00:04;RW;82;00:04;Left-footed shot;Dani Alves
11-Dec;Copa del Rey;last 16;01/04/2012;H;FC Barcelona;CA Osasuna;04:00;CF;71;03:00;Header;Cesc Fabregas
11-Dec;Copa del Rey;last 16;01/04/2012;H;FC Barcelona;CA Osasuna;04:00;CF;90;04:00;Left-footed shot;Xavi
11-Dec;LaLiga;19;1/15/12;H;FC Barcelona;Real Betis Balompie;04:02;CF;12;02:00;Right-footed shot;Alexis Sanchez
11-Dec;LaLiga;19;1/15/12;H;FC Barcelona;Real Betis Balompie;04:02;CF;86;04:02;Penalty;
11-Dec;LaLiga;1;1/22/12;A;FC Barcelona;Malaga CF;01:04;CF;32;00:01;Header;Adriano
11-Dec;LaLiga;1;1/22/12;A;FC Barcelona;Malaga CF;01:04;CF;51;00:03;Left-footed shot;Thiago
11-Dec;LaLiga;1;1/22/12;A;FC Barcelona;Malaga CF;01:04;CF;77;00:04;Left-footed shot;Pedro
11-Dec;LaLiga;22;02/04/2012;H;FC Barcelona;Real Sociedad;02:01;CF;72;02:00;Left-footed shot;Dani Alves
11-Dec;UEFA Champions League;last 16;2/14/12;A;FC Barcelona;Bayer 04 Leverkusen;01:03;CF;88;01:03;Left-footed shot;Dani Alves
11-Dec;LaLiga;24;2/19/12;H;FC Barcelona;Valencia CF;05:01;CF;21;01:01;Left-footed shot;
11-Dec;LaLiga;24;2/19/12;H;FC Barcelona;Valencia CF;05:01;CF;27;02:01;Tap-in;
11-Dec;LaLiga;24;2/19/12;H;FC Barcelona;Valencia CF;05:01;CF;75;03:01;Left-footed shot;Cristian Tello
11-Dec;LaLiga;24;2/19/12;H;FC Barcelona;Valencia CF;05:01;CF;84;04:01;Left-footed shot;Sergio Busquets
11-Dec;LaLiga;25;2/26/12;A;FC Barcelona;Atletico de Madrid;01:02;CF;79;01:02;Direct free kick;
11-Dec;UEFA Champions League;last 16;03/07/2012;H;FC Barcelona;Bayer 04 Leverkusen;07:01;CF;25;01:00;Left-footed shot;Xavi
11-Dec;UEFA Champions League;last 16;03/07/2012;H;FC Barcelona;Bayer 04 Leverkusen;07:01;CF;42;02:00;Left-footed shot;Andres Iniesta
11-Dec;UEFA Champions League;last 16;03/07/2012;H;FC Barcelona;Bayer 04 Leverkusen;07:01;CF;50;03:00;Right-footed shot;Cesc Fabregas
11-Dec;UEFA Champions League;last 16;03/07/2012;H;FC Barcelona;Bayer 04 Leverkusen;07:01;CF;58;05:00;Left-footed shot;
11-Dec;UEFA Champions League;last 16;03/07/2012;H;FC Barcelona;Bayer 04 Leverkusen;07:01;CF;85;07:00;Left-footed shot;Seydou Keita
11-Dec;LaLiga;27;03/11/2012;A;FC Barcelona;Racing Santander;00:02;CF;28;00:01;Left-footed shot;Cesc Fabregas
11-Dec;LaLiga;27;03/11/2012;A;FC Barcelona;Racing Santander;00:02;CF;55;00:02;Penalty;
11-Dec;LaLiga;28;3/17/12;A;FC Barcelona;Sevilla FC;00:02;CF;25;00:02;Left-footed shot;Andres Iniesta
11-Dec;LaLiga;29;3/20/12;H;FC Barcelona;Granada CF;05:03;CF;16;02:00;Left-footed shot;Isaac Cuenca
11-Dec;LaLiga;29;3/20/12;H;FC Barcelona;Granada CF;05:03;CF;66;03:02;Left-footed shot;Dani Alves
11-Dec;LaLiga;29;3/20/12;H;FC Barcelona;Granada CF;05:03;CF;85;05:02;Left-footed shot;Dani Alves
11-Dec;LaLiga;30;3/24/12;A;FC Barcelona;RCD Mallorca;00:02;CF;25;00:01;Direct free kick;
11-Dec;LaLiga;31;3/31/12;H;FC Barcelona;Athletic Bilbao;02:00;CF;57;02:00;Penalty;
11-Dec;UEFA Champions League;Quarter-Finals;04/03/2012;H;FC Barcelona;AC Milan;03:01;RW;11;01:00;Penalty;
11-Dec;UEFA Champions League;Quarter-Finals;04/03/2012;H;FC Barcelona;AC Milan;03:01;RW;42;02:01;Penalty;
11-Dec;LaLiga;32;04/07/2012;A;FC Barcelona;Real Zaragoza;01:04;CF;39;01:02;Left-footed shot;Alexis Sanchez
11-Dec;LaLiga;32;04/07/2012;A;FC Barcelona;Real Zaragoza;01:04;CF;86;01:03;Penalty;
11-Dec;LaLiga;33;04/10/2012;H;FC Barcelona;Getafe CF;04:00;CF;44;02:00;Left-footed shot;Andres Iniesta
11-Dec;LaLiga;34;4/14/12;A;FC Barcelona;Levante UD;01:02;CF;64;01:01;Left-footed shot;Alexis Sanchez
11-Dec;LaLiga;34;4/14/12;A;FC Barcelona;Levante UD;01:02;CF;73;01:02;Penalty;
11-Dec;LaLiga;36;4/29/12;A;FC Barcelona;Rayo Vallecano;00:07;CF;16;00:01;Left-footed shot;Pedro
11-Dec;LaLiga;36;4/29/12;A;FC Barcelona;Rayo Vallecano;00:07;CF;88;00:07;Left-footed shot;Pedro
11-Dec;LaLiga;20;05/02/2012;H;FC Barcelona;Malaga CF;04:01;CF;34;02:01;Penalty;
11-Dec;LaLiga;20;05/02/2012;H;FC Barcelona;Malaga CF;04:01;CF;60;03:01;Penalty;
11-Dec;LaLiga;20;05/02/2012;H;FC Barcelona;Malaga CF;04:01;CF;63;04:01;Left-footed shot;Andres Iniesta
11-Dec;LaLiga;37;05/05/2012;H;FC Barcelona;RCD Espanyol Barcelona;04:00;CF;11;01:00;Direct free kick;
11-Dec;LaLiga;37;05/05/2012;H;FC Barcelona;RCD Espanyol Barcelona;04:00;CF;63;02:00;Penalty;
11-Dec;LaLiga;37;05/05/2012;H;FC Barcelona;RCD Espanyol Barcelona;04:00;CF;73;03:00;Left-footed shot;Adriano
11-Dec;LaLiga;37;05/05/2012;H;FC Barcelona;RCD Espanyol Barcelona;04:00;CF;78;04:00;Penalty;
11-Dec;Copa del Rey;Final;5/25/12;H;FC Barcelona;Athletic Bilbao;03:00;CF;20;02:00;Right-footed shot;Andres Iniesta
Dec-13;LaLiga;1;8/19/12;H;FC Barcelona;Real Sociedad;05:01;CF;10;02:01;Left-footed shot;Pedro
Dec-13;LaLiga;1;8/19/12;H;FC Barcelona;Real Sociedad;05:01;CF;15;03:01;Left-footed shot;Cristian Tello
Dec-13;Supercopa;final;8/23/12;H;FC Barcelona;Real Madrid;03:02;CF;60;02:01;Penalty;
Dec-13;LaLiga;2;8/26/12;A;FC Barcelona;CA Osasuna;01:02;CF;74;01:01;Left-footed shot;Alexis Sanchez
Dec-13;LaLiga;2;8/26/12;A;FC Barcelona;CA Osasuna;01:02;CF;79;01:02;Left-footed shot;Jordi Alba
Dec-13;Supercopa;final;8/29/12;A;FC Barcelona;Real Madrid;02:01;CF;45;02:01;Direct free kick;
Dec-13;LaLiga;4;9/15/12;A;FC Barcelona;Getafe CF;01:04;CF;74;00:02;Penalty;
Dec-13;LaLiga;4;9/15/12;A;FC Barcelona;Getafe CF;01:04;CF;78;00:03;Left-footed shot;Pedro
Dec-13;UEFA Champions League;Group Stage;9/19/12;H;FC Barcelona;Spartak Moscow;03:02;CF;71;02:02;Left-footed shot;Cristian Tello
Dec-13;UEFA Champions League;Group Stage;9/19/12;H;FC Barcelona;Spartak Moscow;03:02;CF;80;03:02;Header;Alexis Sanchez
Dec-13;LaLiga;7;10/07/2012;H;FC Barcelona;Real Madrid;02:02;CF;31;01:01;Left-footed shot;
Dec-13;LaLiga;7;10/07/2012;H;FC Barcelona;Real Madrid;02:02;CF;60;02:01;Direct free kick;
Dec-13;LaLiga;8;10/20/12;A;FC Barcelona;Deportivo de La Coruaa;04:05;CF;17;00:03;Left-footed shot;Cesc Fabregas
Dec-13;LaLiga;8;10/20/12;A;FC Barcelona;Deportivo de La Coruaa;04:05;CF;43;02:04;Left-footed shot;Cesc Fabregas
Dec-13;LaLiga;8;10/20/12;A;FC Barcelona;Deportivo de La Coruaa;04:05;CF;76;03:05;Left-footed shot;Xavi
Dec-13;LaLiga;9;10/27/12;A;FC Barcelona;Rayo Vallecano;00:05;CF;48;00:02;Left-footed shot;Marta Montoya
Dec-13;LaLiga;9;10/27/12;A;FC Barcelona;Rayo Vallecano;00:05;CF;89;00:05;Right-footed shot;Cesc Fabregas
Dec-13;UEFA Champions League;Group Stage;11/07/2012;A;FC Barcelona;Celtic FC;02:01;CF;90+1;02:01;Tap-in;
Dec-13;LaLiga;11;11/11/2012;A;FC Barcelona;RCD Mallorca;02:04;CF;43;00:02;Left-footed shot;Sergio Busquets
Dec-13;LaLiga;11;11/11/2012;A;FC Barcelona;RCD Mallorca;02:04;CF;70;02:04;Left-footed shot;Alexis Sanchez
Dec-13;LaLiga;12;11/17/12;H;FC Barcelona;Real Zaragoza;03:01;CF;15;01:00;Left-footed shot;Jordi Alba
Dec-13;LaLiga;12;11/17/12;H;FC Barcelona;Real Zaragoza;03:01;CF;60;03:01;Left-footed shot;Marta Montoya
Dec-13;UEFA Champions League;Group Stage;11/20/12;A;FC Barcelona;Spartak Moscow;00:03;CF;27;00:02;Right-footed shot;
Dec-13;UEFA Champions League;Group Stage;11/20/12;A;FC Barcelona;Spartak Moscow;00:03;CF;39;00:03;Left-footed shot;Pedro
Dec-13;LaLiga;13;11/25/12;A;FC Barcelona;Levante UD;00:04;CF;46;00:01;Left-footed shot;Andres Iniesta
Dec-13;LaLiga;13;11/25/12;A;FC Barcelona;Levante UD;00:04;CF;51;00:02;Left-footed shot;Andres Iniesta
Dec-13;LaLiga;14;12/01/2012;H;FC Barcelona;Athletic Bilbao;05:01;CF;24;02:00;Left-footed shot;Xavi
Dec-13;LaLiga;14;12/01/2012;H;FC Barcelona;Athletic Bilbao;05:01;CF;69;05:01;Right-footed shot;Pedro
Dec-13;LaLiga;15;12/09/2012;A;FC Barcelona;Real Betis Balompie;01:02;CF;16;00:01;Left-footed shot;Andres Iniesta
Dec-13;LaLiga;15;12/09/2012;A;FC Barcelona;Real Betis Balompie;01:02;CF;25;00:02;Left-footed shot;Andres Iniesta
Dec-13;Copa del Rey;last 16;12/12/2012;A;FC Barcelona;CÃƒÂ³rdoba CF;00:02;CF;10;00:01;Left-footed shot;David Villa
Dec-13;Copa del Rey;last 16;12/12/2012;A;FC Barcelona;CÃƒÂ³rdoba CF;00:02;CF;73;00:02;Left-footed shot;Alexis Sanchez
Dec-13;LaLiga;16;12/16/12;H;FC Barcelona;Atletico de Madrid;04:01;CF;58;03:01;Left-footed shot;Alexis Sanchez
Dec-13;LaLiga;16;12/16/12;H;FC Barcelona;Atletico de Madrid;04:01;CF;88;04:01;Left-footed shot;
Dec-13;LaLiga;17;12/22/12;A;FC Barcelona;Real Valladolid CF;01:03;CF;59;00:02;Left-footed shot;Xavi
Dec-13;LaLiga;18;01/06/2013;H;FC Barcelona;RCD Espanyol Barcelona;04:00;CF;28;04:00;Penalty;
Dec-13;LaLiga;19;1/13/13;A;FC Barcelona;Malaga CF;01:03;CF;26;00:01;Right-footed shot;
Dec-13;Copa del Rey;Quarter-Finals;1/16/13;H;FC Barcelona;Malaga CF;02:02;CF;29;01:01;Left-footed shot;
Dec-13;LaLiga;20;1/19/13;A;FC Barcelona;Real Sociedad;03:02;CF;6;00:01;Left-footed shot;Andres Iniesta
Dec-13;Copa del Rey;Quarter-Finals;1/24/13;A;FC Barcelona;Malaga CF;02:04;CF;79;02:04;Header;Dani Alves
Dec-13;LaLiga;21;1/27/13;H;FC Barcelona;CA Osasuna;05:01;CF;11;01:00;Right-footed shot;Xavi
Dec-13;LaLiga;21;1/27/13;H;FC Barcelona;CA Osasuna;05:01;CF;28;02:01;Penalty;
Dec-13;LaLiga;21;1/27/13;H;FC Barcelona;CA Osasuna;05:01;CF;56;04:01;Left-footed shot;David Villa
Dec-13;LaLiga;21;1/27/13;H;FC Barcelona;CA Osasuna;05:01;CF;58;05:01;Left-footed shot;Adriano
Dec-13;LaLiga;22;02/03/2013;A;FC Barcelona;Valencia CF;01:01;CF;39;01:01;Penalty;
Dec-13;LaLiga;23;02/10/2013;H;FC Barcelona;Getafe CF;06:01;CF;13;02:00;Left-footed shot;Thiago
Dec-13;LaLiga;24;2/16/13;A;FC Barcelona;Granada CF;01:02;CF;49;01:01;Left-footed shot;
Dec-13;LaLiga;24;2/16/13;A;FC Barcelona;Granada CF;01:02;CF;72;01:02;Direct free kick;
Dec-13;LaLiga;25;2/23/13;H;FC Barcelona;Sevilla FC;02:01;CF;60;02:01;Left-footed shot;Cristian Tello
Dec-13;LaLiga;26;03/02/2013;A;FC Barcelona;Real Madrid;02:01;CF;18;01:01;Left-footed shot;Dani Alves
Dec-13;LaLiga;27;03/09/2013;H;FC Barcelona;Deportivo de La Coruaa;02:00;CF;88;02:00;Left-footed shot;Alexis Sanchez
Dec-13;UEFA Champions League;last 16;03/12/2013;H;FC Barcelona;AC Milan;04:00;CF;5;01:00;Left-footed shot;Xavi
Dec-13;UEFA Champions League;last 16;03/12/2013;H;FC Barcelona;AC Milan;04:00;CF;40;02:00;Left-footed shot;Andres Iniesta
Dec-13;LaLiga;28;3/17/13;H;FC Barcelona;Rayo Vallecano;03:01;CF;40;02:00;Left-footed shot;David Villa
Dec-13;LaLiga;28;3/17/13;H;FC Barcelona;Rayo Vallecano;03:01;CF;57;03:00;Left-footed shot;David Villa
Dec-13;LaLiga;29;3/30/13;A;FC Barcelona;Celta de Vigo;02:02;CF ;73;01:02;Left-footed shot;Cristian Tello
Dec-13;UEFA Champions League;Quarter-Finals;04/02/2013;A;FC Barcelona;Paris Saint-Germain;02:02;CF;38;00:01;Left-footed shot;Dani Alves
Dec-13;LaLiga;33;4/27/13;A;FC Barcelona;Athletic Bilbao;02:02;CF;67;01:01;Left-footed shot;Thiago
Dec-13;LaLiga;34;05/05/2013;H;FC Barcelona;Real Betis Balompie;04:02;CF;60;03:02;Direct free kick;
Dec-13;LaLiga;34;05/05/2013;H;FC Barcelona;Real Betis Balompie;04:02;CF;71;04:02;Left-footed shot;Alexis Sanchez
13/14;LaLiga;1;8/18/13;H;FC Barcelona;Levante UD;07:00;CF;13;02:00;Left-footed shot;Pedro
13/14;LaLiga;1;8/18/13;H;FC Barcelona;Levante UD;07:00;CF;42;05:00;Penalty;
13/14;LaLiga;3;09/01/2013;A;FC Barcelona;Valencia CF;02:03;CF;11;00:01;Left-footed shot;Cesc Fabregas
13/14;LaLiga;3;09/01/2013;A;FC Barcelona;Valencia CF;02:03;CF;39;00:02;Right-footed shot;Cesc Fabregas
13/14;LaLiga;3;09/01/2013;A;FC Barcelona;Valencia CF;02:03;CF;41;00:03;Left-footed shot;Neymar
13/14;LaLiga;4;9/14/13;H;FC Barcelona;Sevilla FC;03:02;CF;75;02:00;Left-footed shot;Neymar
13/14;UEFA Champions League;Group Stage;9/18/13;H;FC Barcelona;Ajax Amsterdam;04:00;CF;22;01:00;Direct free kick;
13/14;UEFA Champions League;Group Stage;9/18/13;H;FC Barcelona;Ajax Amsterdam;04:00;CF;55;02:00;Left-footed shot;Sergio Busquets
13/14;UEFA Champions League;Group Stage;9/18/13;H;FC Barcelona;Ajax Amsterdam;04:00;CF;75;04:00;Left-footed shot;Xavi
13/14;LaLiga;6;9/24/13;H;FC Barcelona;Real Sociedad;04:01;CF;8;02:00;Header;Neymar
13/14;LaLiga;7;9/28/13;A;FC Barcelona;UD Almera;00:02;CF;21;00:01;Left-footed shot;Pedro
13/14;UEFA Champions League;Group Stage;10/22/13;A;FC Barcelona;AC Milan;01:01;CF;23;01:01;Left-footed shot;Andres Iniesta
13/14;UEFA Champions League;Group Stage;11/06/2013;H;FC Barcelona;AC Milan;03:01;CF;30;01:00;Penalty;
13/14;UEFA Champions League;Group Stage;11/06/2013;H;FC Barcelona;AC Milan;03:01;CF;83;03:01;Left-footed shot;Cesc Fabregas
13/14;Copa del Rey;last 16;01/08/2014;H;FC Barcelona;Getafe CF;04:00;CF;90;03:00;Left-footed shot;Marta Montoya
13/14;Copa del Rey;last 16;01/08/2014;H;FC Barcelona;Getafe CF;04:00;CF;90+2;04:00;Left-footed shot;Alex Song
13/14;Copa del Rey;last 16;1/16/14;A;FC Barcelona;Getafe CF;00:02;CF;43;00:01;Right-footed shot;Cristian Tello
13/14;Copa del Rey;last 16;1/16/14;A;FC Barcelona;Getafe CF;00:02;CF;63;00:02;Left-footed shot;
13/14;LaLiga;22;02/01/2014;H;FC Barcelona;Valencia CF;02:03;CF;54;02:02;Penalty;
13/14;LaLiga;23;02/09/2014;A;FC Barcelona;Sevilla FC;01:04;CF;44;01:02;Left-footed shot;Pedro
13/14;LaLiga;23;02/09/2014;A;FC Barcelona;Sevilla FC;01:04;CF;56;01:03;Left-footed shot;Andres Iniesta
13/14;Copa del Rey;Semi-Finals;02/12/2014;A;FC Barcelona;Real Sociedad;01:01;CF;26;00:01;Solo run;
13/14;LaLiga;24;2/15/14;H;FC Barcelona;Rayo Vallecano;06:00;CF;36;02:00;Left-footed shot;Cesc Fabregas
13/14;LaLiga;24;2/15/14;H;FC Barcelona;Rayo Vallecano;06:00;CF;68;05:00;Left-footed shot;Alexis Sanchez
13/14;UEFA Champions League;last 16;2/18/14;A;FC Barcelona;Manchester City;00:02;CF;54;00:01;Penalty;
13/14;LaLiga;25;2/22/14;A;FC Barcelona;Real Sociedad;03:01;CF;36;01:01;Left-footed shot;Marta Montoya
13/14;LaLiga;26;03/02/2014;H;FC Barcelona;UD Almera;04:01;CF;24;02:00;Direct free kick;
13/14;UEFA Champions League;last 16;03/12/2014;H;FC Barcelona;Manchester City;02:01;CF;67;01:00;Left-footed shot;
13/14;LaLiga;28;3/16/14;H;FC Barcelona;CA Osasuna;07:00;CF;18;01:00;Left-footed shot;Alexis Sanchez
13/14;LaLiga;28;3/16/14;H;FC Barcelona;CA Osasuna;07:00;CF;63;04:00;Left-footed shot;Andres Iniesta
13/14;LaLiga;28;3/16/14;H;FC Barcelona;CA Osasuna;07:00;CF;88;06:00;Right-footed shot;Dani Alves
13/14;LaLiga;29;3/23/14;A;FC Barcelona;Real Madrid;03:04;CF;42;02:02;Left-footed shot;Neymar
13/14;LaLiga;29;3/23/14;A;FC Barcelona;Real Madrid;03:04;CF;65;03:03;Penalty;
13/14;LaLiga;29;3/23/14;A;FC Barcelona;Real Madrid;03:04;CF;84;03:04;Penalty;
13/14;LaLiga;30;3/26/14;H;FC Barcelona;Celta de Vigo;03:00;CF;30;02:00;Right-footed shot;Andres Iniesta
13/14;LaLiga;31;3/29/14;A;FC Barcelona;RCD Espanyol Barcelona;00:01;CF;77;00:01;Penalty;
13/14;LaLiga;32;04/05/2014;H;FC Barcelona;Real Betis Balompie;03:01;CF;15;01:00;Penalty;
13/14;LaLiga;32;04/05/2014;H;FC Barcelona;Real Betis Balompie;03:01;CF;86;03:01;Penalty rebound;Antonio A05a
13/14;LaLiga;34;4/20/14;H;FC Barcelona;Athletic Bilbao;02:01;CF;74;02:01;Direct free kick;
13/14;LaLiga;35;4/27/14;A;FC Barcelona;Villarreal CF;02:03;CF;83;02:03;Right-footed shot;Cesc Fabregas
13/14;LaLiga;36;05/03/2014;H;FC Barcelona;Getafe CF;02:02;CF;23;01:00;Left-footed shot;Dani Alves
14/15;LaLiga;1;8/24/14;H;FC Barcelona;Elche CF;03:00;CF;42;01:00;Left-footed shot;Sergio Busquets
14/15;LaLiga;1;8/24/14;H;FC Barcelona;Elche CF;03:00;CF;64;03:00;Left-footed shot;
14/15;LaLiga;4;9/21/14;A;FC Barcelona;Levante UD;00:05;CF;77;00:05;Right-footed shot;
14/15;LaLiga;6;9/27/14;H;FC Barcelona;Granada CF;06:00;CF;62;04:00;Header;Dani Alves
14/15;LaLiga;6;9/27/14;H;FC Barcelona;Granada CF;06:00;CF;82;06:00;Right-footed shot;
14/15;UEFA Champions League;Group Stage;9/30/14;A;FC Barcelona;Paris Saint-Germain;03:02;RW;12;01:01;Left-footed shot;Andres Iniesta
14/15;LaLiga;7;10/04/2014;A;FC Barcelona;Rayo Vallecano;00:02;CF;35;00:01;Left-footed shot;Gerard Pique
14/15;LaLiga;8;10/18/14;H;FC Barcelona;SD Eibar;03:00;CF;74;03:00;Left-footed shot;Neymar
14/15;UEFA Champions League;Group Stage;10/21/14;H;FC Barcelona;Ajax Amsterdam;03:01;CF;24;02:00;Left-footed shot;Andres Iniesta
14/15;UEFA Champions League;Group Stage;11/05/2014;A;FC Barcelona;Ajax Amsterdam;00:02;RW;36;00:01;Header;Marc Bartra
14/15;UEFA Champions League;Group Stage;11/05/2014;A;FC Barcelona;Ajax Amsterdam;00:02;RW;76;00:02;Left-footed shot;Pedro
14/15;LaLiga;12;11/22/14;H;FC Barcelona;Sevilla FC;05:01;RW;21;01:00;Direct free kick;
14/15;LaLiga;12;11/22/14;H;FC Barcelona;Sevilla FC;05:01;RW;73;04:01;Tap-in;Neymar
14/15;LaLiga;12;11/22/14;H;FC Barcelona;Sevilla FC;05:01;RW;78;05:01;Left-footed shot;Neymar
14/15;UEFA Champions League;Group Stage;11/25/14;A;FC Barcelona;APOEL Nicosia;00:04;CF ;38;00:02;Right-footed shot;Rafinha
14/15;UEFA Champions League;Group Stage;11/25/14;A;FC Barcelona;APOEL Nicosia;00:04;CF ;58;00:03;Right-footed shot;Dani Alves
14/15;UEFA Champions League;Group Stage;11/25/14;A;FC Barcelona;APOEL Nicosia;00:04;CF ;87;00:04;Right-footed shot;Pedro
14/15;LaLiga;14;12/07/2014;H;FC Barcelona;RCD Espanyol Barcelona;05:01;RW;45+1;01:01;Left-footed shot;Xavi
14/15;LaLiga;14;12/07/2014;H;FC Barcelona;RCD Espanyol Barcelona;05:01;RW;50;02:01;Right-footed shot;Luis Suarez
14/15;LaLiga;14;12/07/2014;H;FC Barcelona;RCD Espanyol Barcelona;05:01;RW;81;05:01;Right-footed shot;Pedro
14/15;UEFA Champions League;Group Stage;12/10/2014;H;FC Barcelona;Paris Saint-Germain;03:01;AM;19;01:01;Right-footed shot;Luis Suarez
14/15;LaLiga;16;12/20/14;H;FC Barcelona;CÃƒÂ³rdoba CF;05:00;RW;82;04:00;Right-footed shot;
14/15;LaLiga;16;12/20/14;H;FC Barcelona;CÃƒÂ³rdoba CF;05:00;RW;90;05:00;Right-footed shot;
14/15;Copa del Rey;last 16;01/08/2015;H;FC Barcelona;Elche CF;05:00;RW ;45;03:00;Penalty;
14/15;LaLiga;18;01/11/2015;H;FC Barcelona;Atletico de Madrid;03:01;RW;87;03:01;Left-footed shot;
14/15;LaLiga;19;1/18/15;A;FC Barcelona;Deportivo de La Coruaa;00:04;RW;11;00:01;Header;Ivan Rakitic
14/15;LaLiga;19;1/18/15;A;FC Barcelona;Deportivo de La Coruaa;00:04;RW;33;00:02;Left-footed shot;Luis Suarez
14/15;LaLiga;19;1/18/15;A;FC Barcelona;Deportivo de La Coruaa;00:04;RW;62;00:03;Left-footed shot;Ivan Rakitic
14/15;Copa del Rey;Quarter-Finals;1/21/15;H;FC Barcelona;Atletico de Madrid;01:00;RW ;85;01:00;Penalty rebound;
14/15;LaLiga;20;1/24/15;A;FC Barcelona;Elche CF;00:06;CF;55;00:02;Penalty;
14/15;LaLiga;20;1/24/15;A;FC Barcelona;Elche CF;00:06;CF;88;00:05;Left-footed shot;Marc Bartra
14/15;LaLiga;21;02/01/2015;H;FC Barcelona;Villarreal CF;03:02;RW;55;03:02;Right-footed shot;Luis Suarez
14/15;LaLiga;22;02/08/2015;A;FC Barcelona;Athletic Bilbao;02:05;RW;15;00:01;Direct free kick;
14/15;Copa del Rey;Semi-Finals;02/11/2015;H;FC Barcelona;Villarreal CF;03:01;RW;41;01:00;Left-footed shot;Luis Suarez
14/15;LaLiga;23;2/15/15;H;FC Barcelona;Levante UD;05:00;CF;38;02:00;Right-footed shot;Marc Bartra
14/15;LaLiga;23;2/15/15;H;FC Barcelona;Levante UD;05:00;CF;59;03:00;Right-footed shot;Pedro
14/15;LaLiga;23;2/15/15;H;FC Barcelona;Levante UD;05:00;CF;65;04:00;Penalty;
14/15;LaLiga;25;2/28/15;A;FC Barcelona;Granada CF;01:03;RW;70;01:03;Right-footed shot;Luis Suarez
14/15;LaLiga;26;03/08/2015;H;FC Barcelona;Rayo Vallecano;06:01;RW;56;03:00;Penalty;
14/15;LaLiga;26;03/08/2015;H;FC Barcelona;Rayo Vallecano;06:01;RW;63;04:00;Tap-in;
14/15;LaLiga;26;03/08/2015;H;FC Barcelona;Rayo Vallecano;06:01;RW;68;05:00;Left-footed shot;Pedro
14/15;LaLiga;27;3/14/15;A;FC Barcelona;SD Eibar;00:02;RW ;31;00:01;Penalty;
14/15;LaLiga;27;3/14/15;A;FC Barcelona;SD Eibar;00:02;RW ;55;00:02;Header;Ivan Rakitic
14/15;LaLiga;30;04/08/2015;H;FC Barcelona;UD Almera;04:00;RW;33;01:00;Left-footed shot;Marc Bartra
14/15;LaLiga;31;04/11/2015;A;FC Barcelona;Sevilla FC;02:02;RW;15;00:01;Left-footed shot;Neymar
14/15;LaLiga;32;4/18/15;H;FC Barcelona;Valencia CF;02:00;RW;90+4;02:00;Left-footed shot;
14/15;LaLiga;33;4/25/15;A;FC Barcelona;RCD Espanyol Barcelona;00:02;RW;25;00:02;Left-footed shot;Luis Suarez
14/15;LaLiga;34;4/28/15;H;FC Barcelona;Getafe CF;06:00;RW;9;01:00;Penalty;
14/15;LaLiga;34;4/28/15;H;FC Barcelona;Getafe CF;06:00;RW;47;06:00;Left-footed shot;Luis Suarez
14/15;LaLiga;35;05/02/2015;A;FC Barcelona;CÃƒÂ³rdoba CF;00:08;RW;47;00:03;Header;Dani Alves
14/15;LaLiga;35;05/02/2015;A;FC Barcelona;CÃƒÂ³rdoba CF;00:08;RW;80;00:06;Left-footed shot;Luis Suarez
14/15;UEFA Champions League;Semi-Finals;05/06/2015;H;FC Barcelona;Bayern Munich;03:00;RW;77;01:00;Left-footed shot;Dani Alves
14/15;UEFA Champions League;Semi-Finals;05/06/2015;H;FC Barcelona;Bayern Munich;03:00;RW;80;02:00;Right-footed shot;Ivan Rakitic
14/15;LaLiga;37;5/17/15;A;FC Barcelona;Atletico de Madrid;00:01;RW;65;00:01;Left-footed shot;Pedro
14/15;LaLiga;38;5/23/15;H;FC Barcelona;Deportivo de La Coruaa;02:02;RW;5;01:00;Header;Rafinha
14/15;LaLiga;38;5/23/15;H;FC Barcelona;Deportivo de La Coruaa;02:02;RW;59;02:00;Right-footed shot;Neymar
14/15;Copa del Rey;Final;5/30/15;A;FC Barcelona;Athletic Bilbao;01:03;RW;20;00:01;Solo run;
14/15;Copa del Rey;Final;5/30/15;A;FC Barcelona;Athletic Bilbao;01:03;RW;74;00:03;Left-footed shot;Dani Alves
15/16;UEFA Super Cup;Final;08/11/2015;H;FC Barcelona;Sevilla FC;5:4 AET;RW;7;01:01;Direct free kick;
15/16;UEFA Super Cup;Final;08/11/2015;H;FC Barcelona;Sevilla FC;5:4 AET;RW;16;02:01;Direct free kick;
15/16;Supercopa;final;8/17/15;H;FC Barcelona;Athletic Bilbao;01:01;RW;43;01:00;Left-footed shot;Luis Suarez
15/16;LaLiga;3;09/12/2015;A;FC Barcelona;Atletico de Madrid;01:02;RW;77;01:02;Left-footed shot;Luis Suarez
15/16;LaLiga;4;9/20/15;H;FC Barcelona;Levante UD;04:01;AM ;61;03:00;Penalty;
15/16;LaLiga;4;9/20/15;H;FC Barcelona;Levante UD;04:01;AM ;90;04:01;Left-footed shot;Marc Bartra
15/16;UEFA Champions League;Group Stage;11/24/15;H;FC Barcelona;AS Roma;06:01;RW ;18;02:00;Left-footed shot;Luis Suarez
15/16;UEFA Champions League;Group Stage;11/24/15;H;FC Barcelona;AS Roma;06:01;RW ;60;05:00;Tap-in;
15/16;LaLiga;13;11/28/15;H;FC Barcelona;Real Sociedad;04:00;RW;90+1;04:00;Left-footed shot;Neymar
15/16;UEFA Champions League;Group Stage;12/09/2015;A;FC Barcelona;Bayer 04 Leverkusen;01:01;CF ;20;00:01;Right-footed shot;Ivan Rakitic
15/16;LaLiga;15;12/12/2015;H;FC Barcelona;Deportivo de La Coruaa;02:02;RW;39;01:00;Direct free kick;
15/16;FIFA Club World Cup;Final;12/20/15;A;FC Barcelona;CA River Plate;00:03;RW;36;00:01;Left-footed shot;Neymar
15/16;LaLiga;17;12/30/15;H;FC Barcelona;Real Betis Balompie;04:00;RW ;33;02:00;Right-footed shot;Neymar
15/16;Copa del Rey;last 16;01/06/2016;H;FC Barcelona;RCD Espanyol Barcelona;04:01;RW;13;01:01;Left-footed shot;Andres Iniesta
15/16;Copa del Rey;last 16;01/06/2016;H;FC Barcelona;RCD Espanyol Barcelona;04:01;RW;44;02:01;Direct free kick;
15/16;LaLiga;19;01/09/2016;H;FC Barcelona;Granada CF;04:00;RW ;8;01:00;Left-footed shot;Arda Turan
15/16;LaLiga;19;01/09/2016;H;FC Barcelona;Granada CF;04:00;RW ;14;02:00;Left-footed shot;Luis Suarez
15/16;LaLiga;19;01/09/2016;H;FC Barcelona;Granada CF;04:00;RW ;58;03:00;Tap-in;
15/16;LaLiga;20;1/17/16;H;FC Barcelona;Athletic Bilbao;06:00;RW;7;01:00;Penalty;
15/16;LaLiga;21;1/23/16;A;FC Barcelona;Malaga CF;01:02;RW;51;01:02;Left-footed shot;Adriano
15/16;LaLiga;22;1/30/16;H;FC Barcelona;Atletico de Madrid;02:01;RW;30;01:01;Left-footed shot;Jordi Alba
15/16;Copa del Rey;Semi-Finals;02/03/2016;H;FC Barcelona;Valencia CF;07:00;RW;29;03:00;Left-footed shot;Neymar
15/16;Copa del Rey;Semi-Finals;02/03/2016;H;FC Barcelona;Valencia CF;07:00;RW;59;04:00;Left-footed shot;Luis Suarez
15/16;Copa del Rey;Semi-Finals;02/03/2016;H;FC Barcelona;Valencia CF;07:00;RW;74;05:00;Left-footed shot;
15/16;LaLiga;24;2/14/16;H;FC Barcelona;Celta de Vigo;06:01;RW;28;01:00;Direct free kick;
15/16;LaLiga;16;2/17/16;A;FC Barcelona;Sporting GijÃƒÂ³n;01:03;RW ;25;00:01;Left-footed shot;Luis Suarez
15/16;LaLiga;16;2/17/16;A;FC Barcelona;Sporting GijÃƒÂ³n;01:03;RW ;31;01:02;Left-footed shot;Luis Suarez
15/16;UEFA Champions League;last 16;2/23/16;A;FC Barcelona;Arsenal FC;00:02;RW;71;00:01;Left-footed shot;Neymar
15/16;UEFA Champions League;last 16;2/23/16;A;FC Barcelona;Arsenal FC;00:02;RW;83;00:02;Penalty;
15/16;LaLiga;26;2/28/16;H;FC Barcelona;Sevilla FC;02:01;RW ;31;01:01;Direct free kick;
15/16;LaLiga;27;03/03/2016;A;FC Barcelona;Rayo Vallecano;01:05;RW;23;00:02;Left-footed shot;Neymar
15/16;LaLiga;27;03/03/2016;A;FC Barcelona;Rayo Vallecano;01:05;RW;53;00:03;Left-footed shot;
15/16;LaLiga;27;03/03/2016;A;FC Barcelona;Rayo Vallecano;01:05;RW;72;01:04;Left-footed shot;Sergio Busquets
15/16;LaLiga;28;03/06/2016;A;FC Barcelona;SD Eibar;00:04;RW ;42;00:02;Left-footed shot;Munir El Haddadi
15/16;LaLiga;28;03/06/2016;A;FC Barcelona;SD Eibar;00:04;RW ;76;00:03;Penalty;
15/16;LaLiga;29;03/12/2016;H;FC Barcelona;Getafe CF;06:00;CF;41;04:00;Left-footed shot;Arda Turan
15/16;UEFA Champions League;last 16;3/16/16;H;FC Barcelona;Arsenal FC;03:01;RW;86;03:01;Left-footed shot;Neymar
15/16;LaLiga;33;4/17/16;H;FC Barcelona;Valencia CF;01:02;RW;63;01:02;Left-footed shot;Jordi Alba
15/16;LaLiga;34;4/20/16;A;FC Barcelona;Deportivo de La Coruaa;00:08;RW;73;00:06;Left-footed shot;Luis Suarez
15/16;LaLiga;35;4/23/16;H;FC Barcelona;Sporting GijÃƒÂ³n;06:00;RW;13;01:00;Header;
15/16;LaLiga;37;05/08/2016;H;FC Barcelona;RCD Espanyol Barcelona;05:00;RW;8;01:00;Direct free kick;
16/17;Supercopa;final;8/17/16;H;FC Barcelona;Sevilla FC;03:00;RW ;55;03:00;Header;Lucas Digne
16/17;LaLiga;1;8/20/16;H;FC Barcelona;Real Betis Balompie;06:02;RW ;37;02:01;Left-footed shot;Sergi Roberto
16/17;LaLiga;1;8/20/16;H;FC Barcelona;Real Betis Balompie;06:02;RW ;58;05:01;Left-footed shot;Arda Turan
16/17;UEFA Champions League;Group Stage;9/13/16;H;FC Barcelona;Celtic FC;07:00;RW ;3;01:00;Left-footed shot;Neymar
16/17;UEFA Champions League;Group Stage;9/13/16;H;FC Barcelona;Celtic FC;07:00;RW ;27;02:00;Left-footed shot;Neymar
16/17;UEFA Champions League;Group Stage;9/13/16;H;FC Barcelona;Celtic FC;07:00;RW ;60;05:00;Left-footed shot;Luis Suarez
16/17;LaLiga;4;9/17/16;A;FC Barcelona;CD Leganes;01:05;RW;15;00:01;Left-footed shot;Luis Suarez
16/17;LaLiga;4;9/17/16;A;FC Barcelona;CD Leganes;01:05;RW;55;00:04;Penalty;
16/17;LaLiga;8;10/15/16;H;FC Barcelona;Deportivo de La Coruaa;04:00;RW;58;04:00;Left-footed shot;Neymar
16/17;UEFA Champions League;Group Stage;10/19/16;H;FC Barcelona;Manchester City;04:00;RW;17;01:00;Left-footed shot;Andres Iniesta
16/17;UEFA Champions League;Group Stage;10/19/16;H;FC Barcelona;Manchester City;04:00;RW;61;02:00;Left-footed shot;Andres Iniesta
16/17;UEFA Champions League;Group Stage;10/19/16;H;FC Barcelona;Manchester City;04:00;RW;69;03:00;Left-footed shot;Luis Suarez
16/17;LaLiga;9;10/22/16;A;FC Barcelona;Valencia CF;02:03;RW;22;00:01;Left-footed shot;Ivan Rakitic
16/17;LaLiga;9;10/22/16;A;FC Barcelona;Valencia CF;02:03;RW;90+4;02:03;Penalty;
16/17;UEFA Champions League;Group Stage;11/01/2016;A;FC Barcelona;Manchester City;03:01;RW ;21;00:01;Left-footed shot;Neymar
16/17;LaLiga;11;11/06/2016;A;FC Barcelona;Sevilla FC;01:02;RW ;43;01:01;Left-footed shot;Neymar
16/17;UEFA Champions League;Group Stage;11/23/16;A;FC Barcelona;Celtic FC;00:02;RW ;24;00:01;Left-footed shot;Neymar
16/17;UEFA Champions League;Group Stage;11/23/16;A;FC Barcelona;Celtic FC;00:02;RW ;55;00:02;Penalty;
16/17;LaLiga;13;11/27/16;A;FC Barcelona;Real Sociedad;01:01;RW ;59;01:01;Left-footed shot;Neymar
16/17;UEFA Champions League;Group Stage;12/06/2016;H;FC Barcelona;Borussia MÃƒÂ¶nchengladbach;04:00;RW;16;01:00;Left-footed shot;Arda Turan
16/17;LaLiga;15;12/10/2016;A;FC Barcelona;CA Osasuna;00:03;RW;72;00:02;Left-footed shot;Jordi Alba
16/17;LaLiga;15;12/10/2016;A;FC Barcelona;CA Osasuna;00:03;RW;90+2;00:03;Left-footed shot;Sergio Busquets
16/17;LaLiga;16;12/18/16;H;FC Barcelona;RCD Espanyol Barcelona;04:01;RW;90;04:01;Left-footed shot;Luis Suarez
16/17;Copa del Rey;last 16;01/05/2017;A;FC Barcelona;Athletic Bilbao;02:01;RW;52;02:01;Direct free kick;
16/17;LaLiga;17;01/08/2017;A;FC Barcelona;Villarreal CF;01:01;RW;90;01:01;Direct free kick;
16/17;Copa del Rey;last 16;01/11/2017;H;FC Barcelona;Athletic Bilbao;03:01;RW;78;03:01;Direct free kick;
16/17;LaLiga;18;1/14/17;H;FC Barcelona;UD Las Palmas;05:00;RW ;52;02:00;Right-footed shot;
16/17;LaLiga;19;1/22/17;A;FC Barcelona;SD Eibar;00:04;RW ;50;00:02;Left-footed shot;Luis Suarez
16/17;Copa del Rey;Quarter-Finals;1/26/17;H;FC Barcelona;Real Sociedad;05:02;RW ;55;02:00;Penalty;
16/17;Copa del Rey;Semi-Finals;02/01/2017;A;FC Barcelona;Atletico de Madrid;01:02;RW ;33;00:02;Left-footed shot;Ivan Rakitic
16/17;LaLiga;21;02/04/2017;H;FC Barcelona;Athletic Bilbao;03:00;RW ;40;02:00;Direct free kick;
16/17;LaLiga;22;02/11/2017;A;FC Barcelona;Deportivo Alaves;00:06;RW ;59;00:03;Left-footed shot;Neymar
16/17;LaLiga;23;2/19/17;H;FC Barcelona;CD Leganes;02:01;RW;4;01:00;Right-footed shot;Luis Suarez
16/17;LaLiga;23;2/19/17;H;FC Barcelona;CD Leganes;02:01;RW;90;02:01;Penalty;
16/17;LaLiga;24;2/26/17;A;FC Barcelona;Atletico de Madrid;01:02;RW;86;01:02;Left-footed shot;
16/17;LaLiga;25;03/01/2017;H;FC Barcelona;Sporting GijÃƒÂ³n;06:01;RW ;9;01:00;Header;Javier Mascherano
16/17;LaLiga;26;03/04/2017;H;FC Barcelona;Celta de Vigo;05:00;AM ;24;01:00;Left-footed shot;Sergio Busquets
16/17;LaLiga;26;03/04/2017;H;FC Barcelona;Celta de Vigo;05:00;AM ;64;05:00;Left-footed shot;
16/17;UEFA Champions League;last 16;03/08/2017;H;FC Barcelona;Paris Saint-Germain;06:01;AM;50;03:00;Penalty;
16/17;LaLiga;28;3/19/17;H;FC Barcelona;Valencia CF;04:02;AM;45;02:01;Penalty;
16/17;LaLiga;28;3/19/17;H;FC Barcelona;Valencia CF;04:02;AM;53;03:02;Right-footed shot;Javier Mascherano
16/17;LaLiga;30;04/05/2017;H;FC Barcelona;Sevilla FC;03:00;RW;28;02:00;Right-footed shot;Luis Suarez
16/17;LaLiga;30;04/05/2017;H;FC Barcelona;Sevilla FC;03:00;RW;33;03:00;Left-footed shot;
16/17;LaLiga;32;4/15/17;H;FC Barcelona;Real Sociedad;03:02;RW ;17;01:00;Left-footed shot;Luis Suarez
16/17;LaLiga;32;4/15/17;H;FC Barcelona;Real Sociedad;03:02;RW ;37;02:00;Tap-in;
16/17;LaLiga;33;4/23/17;A;FC Barcelona;Real Madrid;02:03;RW;33;01:01;Left-footed shot;Ivan Rakitic
16/17;LaLiga;33;4/23/17;A;FC Barcelona;Real Madrid;02:03;RW;90+2;02:03;Left-footed shot;Jordi Alba
16/17;LaLiga;34;4/26/17;H;FC Barcelona;CA Osasuna;07:01;AM ;12;01:00;Left-footed shot;
16/17;LaLiga;34;4/26/17;H;FC Barcelona;CA Osasuna;07:01;AM ;61;04:01;Left-footed shot;Ivan Rakitic
16/17;LaLiga;36;05/06/2017;H;FC Barcelona;Villarreal CF;04:01;RW;45;02:01;Left-footed shot;Sergio Busquets
16/17;LaLiga;36;05/06/2017;H;FC Barcelona;Villarreal CF;04:01;RW;82;04:01;Penalty;
16/17;LaLiga;38;5/21/17;H;FC Barcelona;SD Eibar;04:02;RW;75;03:02;Penalty;
16/17;LaLiga;38;5/21/17;H;FC Barcelona;SD Eibar;04:02;RW;90+2;04:02;Right-footed shot;
16/17;Copa del Rey;Final;5/27/17;H;FC Barcelona;Deportivo Alaves;03:01;RW;30;01:00;Left-footed shot;Neymar
17/18;Supercopa;final;8/13/17;H;FC Barcelona;Real Madrid;01:03;RW;77;01:01;Penalty;
17/18;LaLiga;2;8/26/17;A;FC Barcelona;Deportivo Alaves;00:02;CF;55;00:01;Left-footed shot;Jordi Alba
17/18;LaLiga;2;8/26/17;A;FC Barcelona;Deportivo Alaves;00:02;CF;66;00:02;Left-footed shot;Paco Alcacer
17/18;LaLiga;3;09/09/2017;H;FC Barcelona;RCD Espanyol Barcelona;05:00;CF;26;01:00;Left-footed shot;Ivan Rakitic
17/18;LaLiga;3;09/09/2017;H;FC Barcelona;RCD Espanyol Barcelona;05:00;CF;35;02:00;Right-footed shot;Jordi Alba
17/18;LaLiga;3;09/09/2017;H;FC Barcelona;RCD Espanyol Barcelona;05:00;CF;67;03:00;Left-footed shot;Jordi Alba
17/18;UEFA Champions League;Group Stage;09/12/2017;H;FC Barcelona;Juventus FC;03:00;CF;45;01:00;Left-footed shot;Luis Suarez
17/18;UEFA Champions League;Group Stage;09/12/2017;H;FC Barcelona;Juventus FC;03:00;CF;69;03:00;Left-footed shot;
17/18;LaLiga;5;9/19/17;H;FC Barcelona;SD Eibar;06:01;CF;21;01:00;Penalty;
17/18;LaLiga;5;9/19/17;H;FC Barcelona;SD Eibar;06:01;CF;59;04:01;Left-footed shot;Sergio Busquets
17/18;LaLiga;5;9/19/17;H;FC Barcelona;SD Eibar;06:01;CF;62;05:01;Left-footed shot;Paulinho
17/18;LaLiga;5;9/19/17;H;FC Barcelona;SD Eibar;06:01;CF;87;06:01;Left-footed shot;Aleix Vidal
17/18;LaLiga;7;10/01/2017;H;FC Barcelona;UD Las Palmas;03:00;SS;70;02:00;Left-footed shot;Denis Suarez
17/18;LaLiga;7;10/01/2017;H;FC Barcelona;UD Las Palmas;03:00;SS;77;03:00;Left-footed shot;Luis Suarez
17/18;UEFA Champions League;Group Stage;10/18/17;H;FC Barcelona;Olympiacos Piraeus;03:01;CF;61;02:00;Direct free kick;
17/18;LaLiga;10;10/28/17;A;FC Barcelona;Athletic Bilbao;00:02;SS ;37;00:01;Left-footed shot;Jordi Alba
17/18;LaLiga;14;12/02/2017;H;FC Barcelona;Celta de Vigo;02:02;SS;22;01:01;Left-footed shot;Paulinho
17/18;LaLiga;15;12/10/2017;A;FC Barcelona;Villarreal CF;00:02;RW ;83;00:02;Left-footed shot;Sergio Busquets
17/18;LaLiga;17;12/23/17;A;FC Barcelona;Real Madrid;00:03;SS;64;00:02;Penalty;
17/18;LaLiga;18;01/07/2018;H;FC Barcelona;Levante UD;03:00;SS;12;01:00;Left-footed shot;Jordi Alba
17/18;Copa del Rey;last 16;01/11/2018;H;FC Barcelona;Celta de Vigo;05:00;SS;13;01:00;Left-footed shot;Jordi Alba
17/18;Copa del Rey;last 16;01/11/2018;H;FC Barcelona;Celta de Vigo;05:00;SS;15;02:00;Left-footed shot;Jordi Alba
17/18;LaLiga;19;1/14/18;A;FC Barcelona;Real Sociedad;02:04;SS ;85;02:04;Direct free kick;
17/18;LaLiga;20;1/21/18;A;FC Barcelona;Real Betis Balompie;00:05;SS ;64;00:02;Left-footed shot;Sergio Busquets
17/18;LaLiga;20;1/21/18;A;FC Barcelona;Real Betis Balompie;00:05;SS ;80;00:04;Left-footed shot;Luis Suarez
17/18;Copa del Rey;Quarter-Finals;1/25/18;H;FC Barcelona;RCD Espanyol Barcelona;02:00;SS;25;02:00;Deflected shot on goal;
17/18;LaLiga;21;1/28/18;H;FC Barcelona;Deportivo Alaves;02:01;SS;84;02:01;Direct free kick;
17/18;UEFA Champions League;last 16;2/20/18;A;FC Barcelona;Chelsea FC;01:01;SS;75;01:01;Left-footed shot;Andres Iniesta
17/18;LaLiga;25;2/24/18;H;FC Barcelona;Girona FC;06:01;SS ;30;02:01;Left-footed shot;Luis Suarez
17/18;LaLiga;25;2/24/18;H;FC Barcelona;Girona FC;06:01;SS ;36;03:01;Direct free kick;
17/18;LaLiga;26;03/01/2018;A;FC Barcelona;UD Las Palmas;01:01;SS;21;00:01;Direct free kick;
17/18;LaLiga;27;03/04/2018;H;FC Barcelona;Atletico de Madrid;01:00;SS;26;01:00;Direct free kick;
17/18;UEFA Champions League;last 16;3/14/18;H;FC Barcelona;Chelsea FC;03:00;SS;3;01:00;Right-footed shot;Luis Suarez
17/18;UEFA Champions League;last 16;3/14/18;H;FC Barcelona;Chelsea FC;03:00;SS;63;03:00;Left-footed shot;Luis Suarez
17/18;LaLiga;29;3/18/18;H;FC Barcelona;Athletic Bilbao;02:00;SS ;30;02:00;Left-footed shot;Ousmane Dembele
17/18;LaLiga;30;3/31/18;A;FC Barcelona;Sevilla FC;02:02;RW;89;02:02;Left-footed shot;Philippe Coutinho
17/18;LaLiga;31;04/07/2018;H;FC Barcelona;CD Leganes;03:01;SS ;27;01:00;Direct free kick;
17/18;LaLiga;31;04/07/2018;H;FC Barcelona;CD Leganes;03:01;SS ;32;02:00;Left-footed shot;Philippe Coutinho
17/18;LaLiga;31;04/07/2018;H;FC Barcelona;CD Leganes;03:01;SS ;87;03:01;Left-footed shot;Ousmane Dembele
17/18;Copa del Rey;Final;4/21/18;A;FC Barcelona;Sevilla FC;00:05;SS;31;00:02;Left-footed shot;Jordi Alba
17/18;LaLiga;35;4/29/18;A;FC Barcelona;Deportivo de La Coruaa;02:04;CF ;38;00:02;Left-footed shot;Luis Suarez
17/18;LaLiga;35;4/29/18;A;FC Barcelona;Deportivo de La Coruaa;02:04;CF ;82;02:03;Right-footed shot;Luis Suarez
17/18;LaLiga;35;4/29/18;A;FC Barcelona;Deportivo de La Coruaa;02:04;CF ;85;02:04;Left-footed shot;Luis Suarez
17/18;LaLiga;36;05/06/2018;H;FC Barcelona;Real Madrid;02:02;SS;52;02:01;Left-footed shot;Luis Suarez
17/18;LaLiga;34;05/09/2018;H;FC Barcelona;Villarreal CF;05:01;CF;45;03:00;Left-footed shot;Andres Iniesta
18/19;LaLiga;1;8/18/18;H;FC Barcelona;Deportivo Alaves;03:00;RW ;64;01:00;Direct free kick;
18/19;LaLiga;1;8/18/18;H;FC Barcelona;Deportivo Alaves;03:00;RW ;90+2;03:00;Left-footed shot;Luis Suarez
18/19;LaLiga;3;09/02/2018;H;FC Barcelona;SD Huesca;08:02;RW ;16;01:01;Right-footed shot;Ivan Rakitic
18/19;LaLiga;3;09/02/2018;H;FC Barcelona;SD Huesca;08:02;RW ;61;06:02;Left-footed shot;Philippe Coutinho
18/19;UEFA Champions League;Group Stage;9/18/18;H;FC Barcelona;PSV Eindhoven;04:00;RW ;31;01:00;Direct free kick;
18/19;UEFA Champions League;Group Stage;9/18/18;H;FC Barcelona;PSV Eindhoven;04:00;RW ;77;03:00;Left-footed shot;Ivan Rakitic
18/19;UEFA Champions League;Group Stage;9/18/18;H;FC Barcelona;PSV Eindhoven;04:00;RW ;87;04:00;Right-footed shot;Luis Suarez
18/19;LaLiga;5;9/23/18;H;FC Barcelona;Girona FC;02:02;RW ;19;01:00;Left-footed shot;Arturo Vidal
18/19;UEFA Champions League;Group Stage;10/03/2018;A;FC Barcelona;Tottenham Hotspur;02:04;RW ;56;01:03;Left-footed shot;Jordi Alba
18/19;UEFA Champions League;Group Stage;10/03/2018;A;FC Barcelona;Tottenham Hotspur;02:04;RW ;90;02:04;Left-footed shot;Jordi Alba
18/19;LaLiga;8;10/07/2018;A;FC Barcelona;Valencia CF;01:01;RW ;23;01:01;Left-footed shot;Luis Suarez
18/19;LaLiga;9;10/20/18;H;FC Barcelona;Sevilla FC;04:02;RW ;12;02:00;Left-footed shot;Luis Suarez
18/19;LaLiga;12;11/11/2018;H;FC Barcelona;Real Betis Balompie;03:04;SS ;68;01:02;Penalty;
18/19;LaLiga;12;11/11/2018;H;FC Barcelona;Real Betis Balompie;03:04;SS ;90+4;03:04;Left-footed shot;Arturo Vidal
18/19;UEFA Champions League;Group Stage;11/28/18;A;FC Barcelona;PSV Eindhoven;01:02;CF ;61;00:01;Left-footed shot;Ousmane Dembele
18/19;LaLiga;15;12/08/2018;A;FC Barcelona;RCD Espanyol Barcelona;00:04;RW ;17;00:01;Direct free kick;
18/19;LaLiga;15;12/08/2018;A;FC Barcelona;RCD Espanyol Barcelona;00:04;RW ;65;00:04;Direct free kick;
18/19;LaLiga;16;12/16/18;A;FC Barcelona;Levante UD;00:05;SS ;43;00:02;Right-footed shot;Sergio Busquets
18/19;LaLiga;16;12/16/18;A;FC Barcelona;Levante UD;00:05;SS ;47;00:03;Left-footed shot;
18/19;LaLiga;16;12/16/18;A;FC Barcelona;Levante UD;00:05;SS ;60;00:04;Left-footed shot;Arturo Vidal
18/19;LaLiga;17;12/22/18;H;FC Barcelona;Celta de Vigo;02:00;RW ;45;02:00;Left-footed shot;Jordi Alba
18/19;LaLiga;18;01/06/2019;A;FC Barcelona;Getafe CF;01:02;RW ;20;00:01;Left-footed shot;
18/19;LaLiga;19;1/13/19;H;FC Barcelona;SD Eibar;03:00;RW ;53;02:00;Left-footed shot;Luis Suarez
18/19;Copa del Rey;last 16;1/17/19;H;FC Barcelona;Levante UD;03:00;CF ;54;03:00;Left-footed shot;Nelson Semedo
18/19;LaLiga;20;1/20/19;H;FC Barcelona;CD Leganes;03:01;SS;90+2;03:01;Right-footed shot;Jordi Alba
18/19;LaLiga;21;1/27/19;A;FC Barcelona;Girona FC;00:02;RW ;69;00:02;Left-footed shot;Jordi Alba
18/19;Copa del Rey;Quarter-Finals;1/30/19;H;FC Barcelona;Sevilla FC;06:01;RW ;90+2;06:01;Left-footed shot;Jordi Alba
18/19;LaLiga;22;02/02/2019;H;FC Barcelona;Valencia CF;02:02;RW ;39;01:02;Penalty;
18/19;LaLiga;22;02/02/2019;H;FC Barcelona;Valencia CF;02:02;RW ;64;02:02;Left-footed shot;Arturo Vidal
18/19;LaLiga;24;2/16/19;H;FC Barcelona;Real Valladolid CF;01:00;RW ;43;01:00;Penalty;
18/19;LaLiga;25;2/23/19;A;FC Barcelona;Sevilla FC;02:04;RW ;26;01:01;Left-footed shot;Ivan Rakitic
18/19;LaLiga;25;2/23/19;A;FC Barcelona;Sevilla FC;02:04;RW ;67;02:02;Right-footed shot;Ousmane Dembele
18/19;LaLiga;25;2/23/19;A;FC Barcelona;Sevilla FC;02:04;RW ;85;02:03;Left-footed shot;
18/19;LaLiga;27;03/09/2019;H;FC Barcelona;Rayo Vallecano;03:01;RW ;51;02:01;Penalty;
18/19;UEFA Champions League;last 16;3/13/19;H;FC Barcelona;Olympique Lyon;05:01;RW ;18;01:00;Penalty;
18/19;UEFA Champions League;last 16;3/13/19;H;FC Barcelona;Olympique Lyon;05:01;RW ;78;03:01;Right-footed shot;Sergio Busquets
18/19;LaLiga;28;3/17/19;A;FC Barcelona;Real Betis Balompie;01:04;SS ;18;00:01;Direct free kick;
18/19;LaLiga;28;3/17/19;A;FC Barcelona;Real Betis Balompie;01:04;SS ;45+2;00:02;Left-footed shot;Luis Suarez
18/19;LaLiga;28;3/17/19;A;FC Barcelona;Real Betis Balompie;01:04;SS ;85;01:04;Left-footed shot;Ivan Rakitic
18/19;LaLiga;29;3/30/19;H;FC Barcelona;RCD Espanyol Barcelona;02:00;RW ;71;01:00;Direct free kick;
18/19;LaLiga;29;3/30/19;H;FC Barcelona;RCD Espanyol Barcelona;02:00;RW ;89;02:00;Left-footed shot;Malcom
18/19;LaLiga;30;04/02/2019;A;FC Barcelona;Villarreal CF;04:04;RW;90;04:03;Direct free kick;
18/19;LaLiga;31;04/06/2019;H;FC Barcelona;Atletico de Madrid;02:00;SS ;87;02:00;Left-footed shot;
18/19;UEFA Champions League;Quarter-Finals;4/16/19;H;FC Barcelona;Manchester United;03:00;RW ;16;01:00;Left-footed shot;
18/19;UEFA Champions League;Quarter-Finals;4/16/19;H;FC Barcelona;Manchester United;03:00;RW ;20;02:00;Right-footed shot;
18/19;LaLiga;35;4/27/19;H;FC Barcelona;Levante UD;01:00;RW;62;01:00;Left-footed shot;Arturo Vidal
18/19;UEFA Champions League;Semi-Finals;05/01/2019;H;FC Barcelona;Liverpool FC;03:00;RW ;75;02:00;Left-footed shot;Luis Suarez
18/19;UEFA Champions League;Semi-Finals;05/01/2019;H;FC Barcelona;Liverpool FC;03:00;RW ;82;03:00;Direct free kick;
18/19;LaLiga;38;5/19/19;A;FC Barcelona;SD Eibar;02:02;CF ;31;01:01;Left-footed shot;Arturo Vidal
18/19;LaLiga;38;5/19/19;A;FC Barcelona;SD Eibar;02:02;CF ;32;01:02;Left-footed shot;Ivan Rakitic
18/19;Copa del Rey;Final;5/25/19;H;FC Barcelona;Valencia CF;01:02;CF ;73;01:02;Left-footed shot;Clement Lenglet
19/20;LaLiga;8;10/06/2019;H;FC Barcelona;Sevilla FC;04:00;RW ;78;04:00;Direct free kick;
19/20;LaLiga;9;10/19/19;A;FC Barcelona;SD Eibar;00:03;RW ;58;00:02;Left-footed shot;Antoine Griezmann
19/20;UEFA Champions League;Group Stage;10/23/19;A;FC Barcelona;SK Slavia Prague;01:02;RW ;3;00:01;Left-footed shot;Arthur
19/20;LaLiga;11;10/29/19;H;FC Barcelona;Real Valladolid CF;05:01;RW ;34;03:01;Direct free kick;
19/20;LaLiga;11;10/29/19;H;FC Barcelona;Real Valladolid CF;05:01;RW ;75;04:01;Left-footed shot;Ivan Rakitic
19/20;LaLiga;12;11/02/2019;A;FC Barcelona;Levante UD;03:01;RW ;38;00:01;Penalty;
19/20;LaLiga;13;11/09/2019;H;FC Barcelona;Celta de Vigo;04:01;RW ;23;01:00;Penalty;
19/20;LaLiga;13;11/09/2019;H;FC Barcelona;Celta de Vigo;04:01;RW ;45+1;02:01;Direct free kick;
19/20;LaLiga;13;11/09/2019;H;FC Barcelona;Celta de Vigo;04:01;RW ;48;03:01;Direct free kick;
19/20;UEFA Champions League;Group Stage;11/27/19;H;FC Barcelona;Borussia Dortmund;03:01;RW ;33;02:00;Left-footed shot;Luis Suarez
19/20;LaLiga;15;12/01/2019;A;FC Barcelona;Atletico de Madrid;00:01;RW ;86;00:01;Left-footed shot;Luis Suarez
19/20;LaLiga;16;12/07/2019;H;FC Barcelona;RCD Mallorca;05:02;RW ;17;02:00;Left-footed shot;Antoine Griezmann
19/20;LaLiga;16;12/07/2019;H;FC Barcelona;RCD Mallorca;05:02;RW ;41;03:01;Left-footed shot;Ivan Rakitic
19/20;LaLiga;16;12/07/2019;H;FC Barcelona;RCD Mallorca;05:02;RW ;83;05:02;Left-footed shot;Luis Suarez
19/20;LaLiga;18;12/21/19;H;FC Barcelona;Deportivo Alaves;04:01;RW ;69;03:01;Left-footed shot;Luis Suarez
19/20;Supercopa;Semi-Finals;01/09/2020;H;FC Barcelona;Atletico de Madrid;02:03;RW ;51;01:01;Right-footed shot;Luis Suarez
19/20;LaLiga;20;1/19/20;H;FC Barcelona;Granada CF;01:00;CF ;76;01:00;Right-footed shot;Arturo Vidal
19/20;Copa del Rey;Round of 16;1/30/20;H;FC Barcelona;CD Leganes;05:00;RW ;59;03:00;Left-footed shot;Frenkie de Jong
19/20;Copa del Rey;Round of 16;1/30/20;H;FC Barcelona;CD Leganes;05:00;RW ;89;05:00;Left-footed shot;Ivan Rakitic
19/20;LaLiga;25;2/22/20;H;FC Barcelona;SD Eibar;05:00;SS ;14;01:00;Left-footed shot;Ivan Rakitic
19/20;LaLiga;25;2/22/20;H;FC Barcelona;SD Eibar;05:00;SS ;37;02:00;Left-footed shot;Arturo Vidal
19/20;LaLiga;25;2/22/20;H;FC Barcelona;SD Eibar;05:00;SS ;40;03:00;Left-footed shot;
19/20;LaLiga;25;2/22/20;H;FC Barcelona;SD Eibar;05:00;SS ;87;04:00;Left-footed shot;
19/20;LaLiga;27;03/07/2020;H;FC Barcelona;Real Sociedad;01:00;CF ;81;01:00;Penalty;
19/20;LaLiga;28;6/13/20;A;FC Barcelona;RCD Mallorca;00:04;RW ;90+3;00:04;Right-footed shot;Luis Suarez
19/20;LaLiga;29;6/16/20;H;FC Barcelona;CD Leganes;02:00;RW ;69;02:00;Penalty;
19/20;LaLiga;33;6/30/20;H;FC Barcelona;Atletico de Madrid;02:02;SS ;50;02:01;Penalty;
19/20;LaLiga;37;7/16/20;H;FC Barcelona;CA Osasuna;01:02;RW ;62;01:01;Direct free kick;
19/20;LaLiga;38;7/19/20;A;FC Barcelona;Deportivo Alaves;00:05;RW ;34;00:02;Left-footed shot;Riqui Puig
19/20;LaLiga;38;7/19/20;A;FC Barcelona;Deportivo Alaves;00:05;RW ;75;00:05;Left-footed shot;Jordi Alba
19/20;UEFA Champions League;last 16;08/08/2020;H;FC Barcelona;SSC Napoli;03:01;SS ;23;02:00;Left-footed shot;
20/21;LaLiga;3;9/27/20;H;FC Barcelona;Villarreal CF;04:00;CF ;35;03:00;Penalty;
20/21;UEFA Champions League;Group Stage;10/20/20;H;FC Barcelona;Ferencvarosi TC;05:01;CF ;27;01:00;Penalty;
20/21;UEFA Champions League;Group Stage;10/28/20;A;FC Barcelona;Juventus FC;00:02;CF ;90+1;00:02;Penalty;
20/21;UEFA Champions League;Group Stage;11/04/2020;H;FC Barcelona;Dynamo Kyiv;02:01;RW ;5;01:00;Penalty;
20/21;LaLiga;9;11/07/2020;H;FC Barcelona;Real Betis Balompie;05:02;CF;61;03:01;Penalty;
20/21;LaLiga;9;11/07/2020;H;FC Barcelona;Real Betis Balompie;05:02;CF;82;04:02;Left-footed shot;Sergi Roberto
20/21;LaLiga;11;11/29/20;H;FC Barcelona;CA Osasuna;04:00;RW ;73;04:00;Left-footed shot;Francisco TrincÃƒÂ£o
20/21;LaLiga;13;12/13/20;H;FC Barcelona;Levante UD;01:00;CF ;76;01:00;Left-footed shot;Frenkie de Jong
20/21;LaLiga;14;12/19/20;H;FC Barcelona;Valencia CF;02:02;CF ;45+4;01:01;Header;
20/21;LaLiga;15;12/22/20;A;FC Barcelona;Real Valladolid CF;00:03;AM ;65;00:03;Left-footed shot;Pedri
20/21;LaLiga;2;01/06/2021;A;FC Barcelona;Athletic Bilbao;02:03;CF ;38;01:02;Left-footed shot;Pedri
20/21;LaLiga;2;01/06/2021;A;FC Barcelona;Athletic Bilbao;02:03;CF ;62;01:03;Left-footed shot;Antoine Griezmann
20/21;LaLiga;18;01/09/2021;A;FC Barcelona;Granada CF;00:04;CF ;35;00:02;Left-footed shot;Antoine Griezmann
20/21;LaLiga;18;01/09/2021;A;FC Barcelona;Granada CF;00:04;CF ;42;00:03;Direct free kick;
20/21;Copa del Rey;Round of 16;1/27/21;A;FC Barcelona;Rayo Vallecano;01:02;CF ;69;01:01;Left-footed shot;Antoine Griezmann
20/21;LaLiga;21;1/31/21;H;FC Barcelona;Athletic Bilbao;02:01;CF ;20;01:00;Direct free kick;
20/21;LaLiga;22;02/07/2021;A;FC Barcelona;Real Betis Balompie;02:03;CF;59;01:01;Left-footed shot;Ousmane Dembele
20/21;LaLiga;23;2/13/21;H;FC Barcelona;Deportivo Alaves;05:01;CF ;45+1;02:00;Left-footed shot;Sergio Busquets
20/21;LaLiga;23;2/13/21;H;FC Barcelona;Deportivo Alaves;05:01;CF ;75;04:01;Left-footed shot;Antoine Griezmann
20/21;UEFA Champions League;last 16;2/16/21;H;FC Barcelona;Paris Saint-Germain;01:04;CF ;27;01:00;Penalty;
20/21;LaLiga;24;2/21/21;H;FC Barcelona;Cadiz CF;01:01;CF ;32;01:00;Penalty;
20/21;LaLiga;1;2/24/21;H;FC Barcelona;Elche CF;03:00;CF ;48;01:00;Left-footed shot;Martin Braithwaite
20/21;LaLiga;1;2/24/21;H;FC Barcelona;Elche CF;03:00;CF ;68;02:00;Left-footed shot;Frenkie de Jong
20/21;LaLiga;25;2/27/21;A;FC Barcelona;Sevilla FC;00:02;CF ;85;00:02;Right-footed shot;Ilaix Moriba
20/21;UEFA Champions League;last 16;03/10/2021;A;FC Barcelona;Paris Saint-Germain;01:01;SS ;37;01:01;Long distance kick;Pedri
20/21;LaLiga;27;3/15/21;H;FC Barcelona;SD Huesca;04:01;SS ;13;01:00;Left-footed shot;Sergio Busquets
20/21;LaLiga;27;3/15/21;H;FC Barcelona;SD Huesca;04:01;SS ;90;04:01;Left-footed shot;Francisco TrincÃƒÂ£o
20/21;LaLiga;28;3/21/21;A;FC Barcelona;Real Sociedad;01:06;SS ;56;00:04;Left-footed shot;Sergio Busquets
20/21;LaLiga;28;3/21/21;A;FC Barcelona;Real Sociedad;01:06;SS ;89;01:06;Left-footed shot;Jordi Alba
20/21;Copa del Rey;Final;4/17/21;A;FC Barcelona;Athletic Bilbao;00:04;CF ;68;00:03;Left-footed shot;Frenkie de Jong
20/21;Copa del Rey;Final;4/17/21;A;FC Barcelona;Athletic Bilbao;00:04;CF ;72;00:04;Left-footed shot;Jordi Alba
20/21;LaLiga;31;4/22/21;H;FC Barcelona;Getafe CF;05:02;CF ;8;01:00;Left-footed shot;Sergio Busquets
20/21;LaLiga;31;4/22/21;H;FC Barcelona;Getafe CF;05:02;CF ;33;03:01;Left-footed shot;
20/21;LaLiga;33;4/29/21;H;FC Barcelona;Granada CF;01:02;CF ;23;01:00;Left-footed shot;Antoine Griezmann
20/21;LaLiga;34;05/02/2021;A;FC Barcelona;Valencia CF;02:03;CF ;57;01:01;Left-footed shot;
20/21;LaLiga;34;05/02/2021;A;FC Barcelona;Valencia CF;02:03;CF ;69;01:03;Direct free kick;
20/21;LaLiga;36;05/11/2021;A;FC Barcelona;Levante UD;03:03;SS ;25;00:01;Left-footed shot;
20/21;LaLiga;37;5/16/21;H;FC Barcelona;Celta de Vigo;01:02;SS ;28;01:00;Header;Sergio Busquets
21/22;UEFA Champions League;Group Stage;9/28/21;H;Paris Saint-Germain;Manchester City;02:00;RW;74;02:00;Left-footed shot;Kylian Mbappe
21/22;UEFA Champions League;Group Stage;10/19/21;H;Paris Saint-Germain;RB Leipzig;03:02;RW;67;02:02;Left-footed shot;Kylian Mbappe
21/22;UEFA Champions League;Group Stage;10/19/21;H;Paris Saint-Germain;RB Leipzig;03:02;RW;74;03:02;Penalty;
21/22;Ligue 1;14;11/20/21;H;Paris Saint-Germain;FC Nantes;03:01;RW;87;03:01;Left-footed shot;Kylian Mbappe
21/22;UEFA Champions League;Group Stage;12/07/2021;H;Paris Saint-Germain;Club Brugge KV;04:01;CF;38;03:00;Left-footed shot;Kylian Mbappe
21/22;UEFA Champions League;Group Stage;12/07/2021;H;Paris Saint-Germain;Club Brugge KV;04:01;CF;76;04:01;Penalty;
21/22;Ligue 1;23;02/06/2022;A;Paris Saint-Germain;LOSC Lille;01:05;CF;38;01:03;Left-footed shot;
21/22;Ligue 1;30;04/03/2022;H;Paris Saint-Germain;FC Lorient;05:01;RW;73;04:01;Left-footed shot;Kylian Mbappe
21/22;Ligue 1;34;4/23/22;H;Paris Saint-Germain;RC Lens;01:01;RW;68;01:00;Left-footed shot;Neymar
21/22;Ligue 1;37;5/14/22;A;Paris Saint-Germain;Montpellier;00:04;CF;6;00:01;Left-footed shot;Kylian MbappÃ©
21/22;Ligue 1;37;5/14/22;A;Paris Saint-Germain;Montpellier;00:04;CF;20;00:02;Left-footed shot;Kylian MbappÃ©
21/22;TrophÃ©e des Champions;Final;7/31/22;H;Paris Saint-Germain;FC Nantes;04:00;CF;22;01:00;Right-footed shot;
21/22;Ligue 1;1;08/06/2022;A;Paris Saint-Germain;Clermont Foot;00:05;CF;80;00:04;Left-footed shot;Neymar
21/22;Ligue 1;1;08/06/2022;A;Paris Saint-Germain;Clermont Foot;00:05;CF;86;00:05;Left-footed shot;Leandro Paredes
22/23;Trophï¿½e des Champions;Final;7/31/22;H;Paris Saint-Germain;FC Nantes;04:00;CF;22;01:00;Right-footed shot;
22/23;Ligue 1;1;08/06/2022;A;Paris Saint-Germain;Clermont Foot;00:05;CF;80;00:04;Left-footed shot;Neymar
22/23;Ligue 1;1;08/06/2022;A;Paris Saint-Germain;Clermont Foot;00:05;CF;86;00:05;Left-footed shot;Leandro Paredes
22/23;Ligue 1;3;8/21/22;A;Paris Saint-Germain;LOSC Lille;01:07;AM;27;00:02;Right-footed shot;Nuno Mendes
22/23;Champions League;Group Stage;9/14/22;A;Paris Saint-Germain;Maccabi Haifa;01:03;SS;37;01:01;Left-footed shot;
22/23;Ligue 1;8;9/18/22;A;Paris Saint-Germain;Olympique Lyon;00:01;AM;5;00:01;Left-footed shot;Neymar
22/23;Ligue 1;9;10/01/2022;H;Paris Saint-Germain;OGC Nice;02:01;AM;28;01:00;Direct free kick;
22/23;UEFA Champions League;Group Stage;10/05/2022;A;Paris Saint-Germain;SL Benfica;01:01;AM;22;00:01;Left-footed shot;Neymar
22/23;Ligue 1;12;10/21/22;A;Paris Saint-Germain;AC Ajaccio;00:03;CF;78;00:02;Left-footed shot;Kylian Mbappe
22/23;UEFA Champions League;Group Stage;10/25/22;H;Paris Saint-Germain;Maccabi Haifa;07:02;SS;19;01:00;Left-footed shot;Kylian Mbappe
22/23;UEFA Champions League;Group Stage;10/25/22;H;Paris Saint-Germain;Maccabi Haifa;07:02;SS;44;04:01;Left-footed shot;Kylian Mbappe
22/23;Ligue 1;13;10/29/22;H;Paris Saint-Germain;ESTAC Troyes;04:03;RW;55;02:02;Left-footed shot;Sergio Ramos
22/23;Ligue 1;18;01/11/2023;H;Paris Saint-Germain;Angers SCO;02:00;AM;72;02:00;Right-footed shot;Nordi Mukiele
22/23;Ligue 1;21;02/01/2023;A;Paris Saint-Germain;Montpellier HSC;01:03;SS;72;00:02;Left-footed shot;FabiÃ¡n Ruiz
22/23;Ligue 1;22;02/04/2023;H;Paris Saint-Germain;FC Toulouse;02:01;SS;58;02:01;Left-footed shot;Achraf Hakimi
22/23;Ligue 1;24;2/19/23;H;Paris Saint-Germain;LOSC Lille;04:03;CF;90+5;04:03;Direct free kick;"	"
22/23;Ligue 1;25;2/26/23;A;Paris Saint-Germain;Olympique Marseille;00:03;CF;29;00:02;Right-footed shot;Kylian MbappÃ©
22/23;Ligue 1;26;03/04/2023;H;Paris Saint-Germain;FC Nantes;04:02;CF;12;01:00;Left-footed shot;
